source_row,employee_name,client_name,client_id,province_raw,province_normalized
2,คุณจักรพันธ์,กล้าพันธุ์ดี,ก099,ยโสธร,ยโสธร
3,คุณจักรพันธ์,กิตพานิช,ก032,บุรีรัมย์,บุรีรัมย์
4,คุณจักรพันธ์,กิมเฮง,ก017,ขอนแก่น,ขอนแก่น
5,คุณจักรพันธ์,เกษตรภัณฑ์(สุรินทร์) /ก021,ก021,สุรินทร์,สุรินทร์
6,คุณจักรพันธ์,เกียหลี,ก031,มหาสารคาม,มหาสารคาม
7,คุณจักรพันธ์,คลีนิคเกษตร,ค002,หนองบัวลำภู,หนองบัวลำภู
8,คุณจักรพันธ์,เค.เค ปาล์มเอ็นเตอร์ไพรส์ (อุดรธานี) /ค056,ค056,อุดรธานี,อุดรธานี
9,คุณจักรพันธ์,จอมพระพันธุ์ไม้,จ083,สุรินทร์,สุรินทร์
10,คุณจักรพันธ์,เจริญกิจเกษตรภัณฑ์,จ002,บุรีรัมย์,บุรีรัมย์
11,คุณจักรพันธ์,แจใจ ส่งเสริมการเกษตร,จ016,กาฬสินธุ์,กาฬสินธุ์
12,คุณจักรพันธ์,ชุมแพการเกษตร,ช005,ขอนแก่น,ขอนแก่น
13,คุณจักรพันธ์,โชคไพบูลย์,ช012,ยโสธร,ยโสธร
14,คุณจักรพันธ์,ดียิ่ง อินฟินิท จำกัด-(ขอนแก่น) /ด035,ด035,ขอนแก่น,ขอนแก่น
15,คุณจักรพันธ์,ตั้งเส่งฮงการเกษตร,ต0092,มหาสารคาม,มหาสารคาม
16,คุณจักรพันธ์,ท.เจริญกิจเกษตรภัณฑ์,ท026,บึงกาฬ,บึงกาฬ
17,คุณจักรพันธ์,ท้วนการเกษตร,ท007,หนองคาย,หนองคาย
18,คุณจักรพันธ์,ทวีทรัพย์,ท044,ชัยภูมิ,ชัยภูมิ
19,คุณจักรพันธ์,ทวีผล คอร์ปอเรชั่น จำกัด,ท104,นครราชสีมา,นครราชสีมา
20,คุณจักรพันธ์,ทีพีเอส คอนแทรคเตอร์ จำกัด(สนง.ใหญ่) /ท109,ท109,,
21,คุณจักรพันธ์,ไท้เชียงล้ง,ท002,สุรินทร์,สุรินทร์
22,คุณจักรพันธ์,ไทยการค้า,ท025,นครพนม,นครพนม
23,คุณจักรพันธ์,ไทยถาวร,ท1012,อุบลราชธานี,อุบลราชธานี
24,คุณจักรพันธ์,ไทยสามัคคี,ท001,อุดรธานี,อุดรธานี
25,คุณจักรพันธ์,ธนโชติการเกษตร,ธ037,กาฬสินธุ์,กาฬสินธุ์
26,คุณจักรพันธ์,ธนาพันธุ์(นครพนม),ธ002,นครพนม,นครพนม
27,คุณจักรพันธ์,น.เกษตร ครบุรี,น012,นครราชสีมา,นครราชสีมา
28,คุณจักรพันธ์,บรรลือพาณิชย์,บ008,ชัยภูมิ,ชัยภูมิ
29,คุณจักรพันธ์,บุญเกษตรพอเพียง,บ020,นครพนม,นครพนม
30,คุณจักรพันธ์,บุญมีโฮลเซล จำกัด,บ070,กาฬสินธุ์,กาฬสินธุ์
31,คุณจักรพันธ์,เบสท์การเกษตรและอุปกรณ์,บ071,ยโสธร,ยโสธร
32,คุณจักรพันธ์,ป.สถิตย์เคหะการ,ป003,ชัยภูมิ,ชัยภูมิ
33,คุณจักรพันธ์,พันธ์ทวี คอร์ปอเรชั่น,พ034,ขอนแก่น,ขอนแก่น
34,คุณจักรพันธ์,พี เอส วาย การเกษตร(ขอนแก่น) /พ016,พ016,ขอนแก่น,ขอนแก่น
35,คุณจักรพันธ์,พูนผล,พ029,ชัยภูมิ,ชัยภูมิ
36,คุณจักรพันธ์,เพื่อนเกษตร,พ001,นครราชสีมา,นครราชสีมา
37,คุณจักรพันธ์,ฟาร์มเห็ดวาสนา(หนองบัวลำภู) /ฟ009,ฟ009,หนองบัวลำภู,หนองบัวลำภู
38,คุณจักรพันธ์,มารุ่งเรือง(สุรินทร์) /ม012,ม012,สุรินทร์,สุรินทร์
39,คุณจักรพันธ์,ร่มโพธิ์การเกษตร จำกัด,ส0252,บุรีรัมย์,บุรีรัมย์
40,คุณจักรพันธ์,รวมกิจอะไหล่,ร037,ศรีสะเกษ,ศรีสะเกษ
41,คุณจักรพันธ์,รวมเกษตร(สุรินทร์) /ร003,ร003,สุรินทร์,สุรินทร์
42,คุณจักรพันธ์,รวมเกษตร(หนองคาย) /ร005,ร005,หนองคาย,หนองคาย
43,คุณจักรพันธ์,ร้อยเอ็ดบิ๊คเทรดดิ้ง,ร048,ร้อยเอ็ด,ร้อยเอ็ด
44,คุณจักรพันธ์,ริริน จำกัด,ร042,สกลนคร,สกลนคร
45,คุณจักรพันธ์,วุฒิผ่องพืชผล กรุ๊ป(ชัยภูมิ) /ว0451,ว0451,ชัยภูมิ,ชัยภูมิ
46,คุณจักรพันธ์,สันติสุขโภคภัณฑ์,ส016,ยโสธร,ยโสธร
47,คุณจักรพันธ์,สินเกษตร,ส058,อุบลราชธานี,อุบลราชธานี
48,คุณจักรพันธ์,แสงมณี รักษ์เกษตร จำกัด,ส191,อุดรธานี,อุดรธานี
49,คุณจักรพันธ์,แสงศิริเคมีเกษตร,ส159,ศรีสะเกษ,ศรีสะเกษ
50,คุณจักรพันธ์,เหมียว,ห004,ชัยภูมิ,ชัยภูมิ
51,คุณจักรพันธ์,อึ้งชุนฮะ(1994) จำกัด,อ056,หนองบัวลำภู,หนองบัวลำภู
52,คุณจักรพันธ์,เอ็น อาร์ เทรดดิ้ง 2018,อ0982,นครพนม,นครพนม
53,คุณจักรพันธ์,ฮะฮง,ฮ005,สกลนคร,สกลนคร
54,คุณกิตติพงษ์,679 ดีเวลลอปเม้นท์-(สระบุรี) /ห028,ห028,สระบุรี,สระบุรี
55,คุณกิตติพงษ์,เกษตรบ้านนา,ก111,นครนายก,นครนายก
56,คุณอรญา,คิววัสดุ จำกัด,ค054,นนทบุรี,นนทบุรี
57,คุณวิรุฬห์,แสงทิพย์การค้า 888 จำกัด(สมุทรสาคร) /ก1142,ก1142,สมุทรสาคร,สมุทรสาคร
58,คุณกิตติพงษ์,โคกสูงพัฒนา จำกัด,ค0401,สระแก้ว,สระแก้ว
59,คุณวิรุฬห์,จันทิมา ธวัชพันธุ์,จ058,นครปฐม,นครปฐม
60,คุณกิตติพงษ์,เจด็จ ปาลวัฒน์-(สระบุรี) /จ085,จ085,สระบุรี,สระบุรี
61,คุณกิตติพงษ์,เจริญชัยอะหลั่ย,จ033,สระแก้ว,สระแก้ว
62,คุณกิตติพงษ์,เจ้าสัวเกษตร จำกัด,ย0121,สระบุรี,สระบุรี
63,คุณกิตติพงษ์,เจี่ยเทียมเส็ง,จ037,สระแก้ว,สระแก้ว
64,คุณกิตติพงษ์,ชัยชนะเกษตร(ลพบุรี) /ช013,ช013,ลพบุรี,ลพบุรี
65,คุณอรญา,ดำรงค์เกียรติ(1994),ด015,กทม.,กรุงเทพมหานคร
66,คุณอรญา,เด่นใหญ่ โกลเบิล ไลน์ จำกัด,ด025,กทม.,กรุงเทพมหานคร
67,คุณอรญา,ตั้งธนไพศาล จำกัด,ต021,กทม.,กรุงเทพมหานคร
68,คุณอรญา,ทรงชัยการค้า,ท043,กทม.,กรุงเทพมหานคร
69,คุณวิรุฬห์,ทีพีเค โกลเบิล ซัพพลายส์ จำกัด,ท057,นครปฐม,นครปฐม
70,คุณวิรุฬห์,ไทยเจริญสุกร จำกัด,ท1124,นครปฐม,นครปฐม
71,คุณกิตติพงษ์,ไทยสมานมิตร,ท017,สระบุรี,สระบุรี
72,คุณอรญา,ธนะสาร เทรดดิ้ง(2015) จำกัด,บ0452,กทม.,กรุงเทพมหานคร
73,คุณอรญา,ธนะสาร เทรดดิ้ง(2015) จำกัด /บ0452,บ0452,กทม.,กรุงเทพมหานคร
74,คุณอรญา,ธนายุทธแมชชีนเทค /ธ0302,ธ0302,กทม.,กรุงเทพมหานคร
75,คุณอรญา,บ้านไร่การเกษตร,บ050,เลย,เลย
76,คุณอรญา,บุญชัย รับเบอร์ /บ038,บ038,กทม.,กรุงเทพมหานคร
77,คุณกิตติพงษ์,ประเสริฐวัสดุภัณฑ์สระแก้ว /ป011,ป011,สระแก้ว,สระแก้ว
78,คุณกิตติพงษ์,พรปรีชาการเกษตร,พ030,สระแก้ว,สระแก้ว
79,คุณอรญา,พี เจ แอนด์ ควอลิตี้ กรุ๊ป จำกัด,พ0702,กทม.,กรุงเทพมหานคร
80,คุณอรญา,พี.เอส.เบสท์ โปรดักส์ จำกัด,พ0612,กทม.,กรุงเทพมหานคร
81,คุณอรญา,พีอาร์โอ ซัพพลาย (2017),พ0632,กทม.,กรุงเทพมหานคร
82,คุณวิรุฬห์,เพราพิลาศ จำกัด,พ002,นครปฐม,นครปฐม
83,คุณอรญา,แพ็คกิ้ง สตอรี่,พ0632,กทม.,กรุงเทพมหานคร
84,คุณอรญา,ภูดิส 99 ซัพพลาย,ภ024,นนทบุรี,นนทบุรี
85,คุณกิตติพงษ์,ภูตะวันวัสดุก่อสร้าง(สนง.ใหญ่),ภ0112,สระบุรี,สระบุรี
86,คุณอรญา,ลุงเที้ยม,ล009,ปทุมธานี,ปทุมธานี
87,คุณอรญา,ฟาร์มก่อสุข จำกัด,ธ0253,พิษณุโลก,พิษณุโลก
88,คุณอรญา,วินค้าไม้ศาลาแดง,ว051,กทม.,กรุงเทพมหานคร
89,คุณอรญา,ไวท์ปาร์ตี้ เทรดดิ้ง จำกัด,ว0372,นนทบุรี,นนทบุรี
90,คุณวิรุฬห์,ศิรภิชฌาย์ สุทธิเมธีวงศ์(อินดี้),ศ034,กทม.,กรุงเทพมหานคร
91,คุณอรญา,ศิริบุญอินเตอร์พลาส จำกัด,ศ0402,นนทบุรี,นนทบุรี
92,คุณกิตติพงษ์,สมบัติโอสถการเกษตร จำกัด,ส051,สระแก้ว,สระแก้ว
93,คุณกิตติพงษ์,อำนวยการเกษตร,อ083,ปราจีนบุรี,ปราจีนบุรี
94,คุณอรญา,เอกพร โตสวน,อ192,นนทบุรี,นนทบุรี
95,คุณกิตติพงษ์,เอสโบ้โฮมเวิลด์(สนง.ใหญ่),อ021,สระบุรี,สระบุรี
96,คุณอรญา,เอสพี.เจริญทรัพย์,อ121,กทม.,กรุงเทพมหานคร
97,คุณวิรุฬห์,เอสเอพี โฮม เซนเตอร์,อ0641,สมุทรสาคร,สมุทรสาคร
98,คุณฐาปนี,คงสวัสดิ์ ซัพพลาย จำกัด,ค0145,กทม.,กรุงเทพมหานคร
99,คุณอรญา,คิว โอ ยู เทรดดิ้ง จำกัด,ค048,สมุทรปราการ,สมุทรปราการ
100,คุณอรญา,เค.เจ.ที เทรดดิ้ง จำกัด,ค0182,นนทบุรี,นนทบุรี
101,คุณอรญา,จิตรศิลป์โสภณ จำกัด,จ015,กทม.,กรุงเทพมหานคร
102,คุณอรญา,จิราภาส พงษ์สัมฤทธิ์ผล(กทม.) /จ068,จ068,กทม.,กรุงเทพมหานคร
103,คุณวิรุฬห์,เจ.เค.ซัพพลาย แอนด์ แมชชีนเนอรี่ จำกัด,จ0412,สมุทรสาคร,สมุทรสาคร
104,คุณอรญา,เจริญกิจรุ่งเรืองฮาร์ดแวร์ จำกัด,จ0522,กทม.,กรุงเทพมหานคร
105,คุณอรญา,เฉลิมชัยฮาร์ดแวร์ จำกัด,ฉ002,นนทบุรี,นนทบุรี
106,คุณอรญา,ดี ไอ โอ กรีนคลีนนิ่ง,ด0081,นนทบุรี,นนทบุรี
107,คุณอรญา,ทรัพย์มั่งคั่ง6666,ด0091,กทม.,กรุงเทพมหานคร
108,คุณอรญา,ทิพาพร(กุ้ง),ท074,นนทบุรี,นนทบุรี
109,คุณอรญา,ทีเอชเค มาร์เก็ตติ้ง(นนทบุรี) /ท015,ท015,นนทบุรี,นนทบุรี
110,คุณอรญา,เทคอิท จำกัด(บิวเดอร์),ท062,กทม.,กรุงเทพมหานคร
111,คุณอรญา,บ้านเกษตร (นนทบุรี),บ023,นนทบุรี,นนทบุรี
112,คุณอรญา,บ้านป่าป๊า หม่ามี๊,บ054,นนทบุรี,นนทบุรี
113,คุณอรญา,บิวเดอร์ จำกัด,บ004,กทม.,กรุงเทพมหานคร
114,คุณอรญา,บีพีวาย คอนสตรัคชั่น แมททีเรียล จำกัด /บ061,บ061,ปทุมธานี,ปทุมธานี
115,คุณอรญา,บียอนด์เซฟ,บ014,กทม.,กรุงเทพมหานคร
116,คุณฐาปนี,ออลไรส์ คอมเมิร์ซ จำกัด,ป0603,กทม.,กรุงเทพมหานคร
117,คุณวิรุฬห์,พงษ์เชียงทอง พลาสติกเน็ทติ้ง จำกัด,พ0122,สมุทรสาคร,สมุทรสาคร
118,คุณอรญา,มันตรา,ม058,กทม.,กรุงเทพมหานคร
119,คุณอรญา,ยูเนี่ยน พรีซิชั่น เอ็นจิเนียริ่ง จำกัด,ย002,สมุทรปราการ,สมุทรปราการ
120,คุณอรญา,รวยเจริญดี เทรดดิ้ง-กรุงเทพฯ /ร066,ร066,กทม.,กรุงเทพมหานคร
121,คุณอรญา,รุ่งเรืองเสาเข็ม(นาย พิศาล เล้าอรุณ) /ร034,ร034,นนทบุรี,นนทบุรี
122,คุณอรญา,ลิ้มเจริญ,ล019,กทม.,กรุงเทพมหานคร
123,คุณอรญา,ลิ้มเจริญ เทรดดิ้ง,ล004,นนทบุรี,นนทบุรี
124,คุณอรญา,วงแหวน ก.ม.10 ค้าไม้ จำกัด,ว031,นนทบุรี,นนทบุรี
125,คุณอรญา,วี อาร์ วอเตอร์ ซีสเต็มส์ จำกัด,ว017,สมุทรปราการ,สมุทรปราการ
126,คุณอรญา,เวิลด์ เบสท์ เอนจิเนียริ่ง จำกัด,ว028,กทม.,กรุงเทพมหานคร
127,คุณอรญา,ศศกรการเกษตร,ศ042,กทม.,กรุงเทพมหานคร
128,คุณอรญา,ศศิภัทร ตาข่าย จำกัด,ศ041,กทม.,กรุงเทพมหานคร
129,คุณฐาปนี,สนธยา น่วมใย,ส154,พระนครศรีอยุธยา,พระนครศรีอยุธยา
130,คุณอรญา,หฤทัย กระถาง,ห005,นนทบุรี,นนทบุรี
131,คุณอรญา,อ.เกษมสันต์ จำกัด,อ0451,กทม.,กรุงเทพมหานคร
132,คุณอรญา,อ.เกษมสันต์ จำกัด(กทม) /อ0451,อ0451,กทม.,กรุงเทพมหานคร
133,คุณอรญา,อาร์.พี.วาย.เซ็นเตอร์ จำกัด,อ133,กทม.,กรุงเทพมหานคร
134,คุณฐาปนี,อีสท์ เวสท์ ซีด จำกัด,อ195,นนทบุรี,นนทบุรี
135,คุณอรญา,เอ็นซี เซอร์วิสแอนด์เซลส์ จำกัด,อ198,ปทุมธานี,ปทุมธานี
136,คุณอรญา,เอวี อะกรีเทค จำกัด(ปทุมธานี) /อ0521,อ0523,ปทุมธานี,ปทุมธานี
137,คุณอรญา,เอสเอ็ม ซัพพลาย-สมุทรสาคร /อ194,อ194,สมุทรสาคร,สมุทรสาคร
138,คุณอรญา,ไฮโฮมเวิลด์ จำกัด,ฮ015,กทม.,กรุงเทพมหานคร
139,คุณพิชัย,ก.เกษตรกิจ,ก024,เชียงใหม่,เชียงใหม่
140,คุณพิชัย,ก.พานิช,ก003,เชียงราย,เชียงราย
141,คุณพิชัย,กรีนนี่,ก093,เชียงใหม่,เชียงใหม่
142,คุณพิชัย,กิจอาคม,ก0223,ลำพูน,ลำพูน
143,คุณพิชัย,กิจอาคม(ลำพูน) /ก0223,ก0223,ลำพูน,ลำพูน
144,คุณพิชัย,เกษตรยนต์(น่าน) /ก084,ก0842,น่าน,น่าน
145,คุณพิชัย,แกลสซี่แลนด์ จำกัด,ก112,เชียงใหม่,เชียงใหม่
146,คุณพิชัย,โกศัยการเกษตร,ก006,แพร่,แพร่
147,คุณพิชัย,คอนเซอร์เทค จำกัด,ค047,เชียงใหม่,เชียงใหม่
148,คุณพิชัย,จงเจริญวัสดุภัณฑ์,จ003,น่าน,น่าน
149,คุณพิชัย,จารุณีการเกษตร,จ021,เลย,เลย
150,คุณพิชัย,จิวไถ่อัง,จ025,ลำปาง,ลำปาง
151,คุณพิชัย,เจ็กไข่ -เลย /จ053,จ053,เลย,เลย
152,คุณพิชัย,เจริญพานิช กรุ๊ป จำกัด,จ0382,สุโขทัย,สุโขทัย
153,คุณพิชัย,เจริญสุข(เชียงใหม่) /จ066,จ066,เชียงใหม่,เชียงใหม่
154,คุณพิชัย,เจริญสุขพาณิชย์ เชียงใหม่ (2011) จำกัด,จ0541,เชียงใหม่,เชียงใหม่
155,คุณพิชัย,ชัยชนะการเกษตร(กำแพงเพชร) /ช009,ช009,กำแพงเพชร,กำแพงเพชร
156,คุณพิชัย,ชัยเฮงจั่น,ช004,น่าน,น่าน
157,คุณพิชัย,โชควัฒนาการเกษตร,ช016,เชียงใหม่,เชียงใหม่
158,คุณพิชัย,ซินฮั้ว,ซ002,น่าน,น่าน
159,คุณพิชัย,ดวงทวียนต์,ด005,เชียงใหม่,เชียงใหม่
160,คุณพิชัย,แดนทองพาณิชย์,ด006,พะเยา,พะเยา
161,คุณพิชัย,ต้นไม้,ต010,พิษณุโลก,พิษณุโลก
162,คุณพิชัย,ติยะจักรกล,ต017,เชียงราย,เชียงราย
163,คุณพิชัย,ท่าข้าวทองดีพืชผล,ท085,ลำปาง,ลำปาง
164,คุณพิชัย,ทิพย์เสถียรคลีนิคการเกษตร,ท090,เชียงใหม่,เชียงใหม่
165,คุณพิชัย,ไทยกันเอง,ท111,กำแพงเพชร,กำแพงเพชร
166,คุณพิชัย,ธนพร,ธ017,เชียงราย,เชียงราย
167,คุณพิชัย,ธนาผล(กำแพงเพชร),ธ013,กำแพงเพชร,กำแพงเพชร
168,คุณพิชัย,ธาราตะวัน,ธ031,เชียงราย,เชียงราย
169,คุณพิชัย,น้ำโท้งกิจเกษตร,น015,ลำปาง,ลำปาง
170,คุณพิชัย,บ้วนเส็งเฮง,บ013,พะเยา,พะเยา
171,คุณพิชัย,บ้านสวนครูเก่ง,บ0632,น่าน,น่าน
172,คุณพิชัย,บ้านสวนคำแสน,บ033,ลำปาง,ลำปาง
173,คุณพิชัย,ป.เกษตรภัณฑ์ (พิษณุโลก) /ป030,ป030,พิษณุโลก,พิษณุโลก
174,คุณพิชัย,ป.ชัยยนต์(เชียงใหม่) /ป015,ป015,เชียงใหม่,เชียงใหม่
175,คุณพิชัย,ปังแป๊ะเฮง,ป061,น่าน,น่าน
176,คุณพิชัย,พ.การค้า,พ047,ลำพูน,ลำพูน
177,คุณพิชัย,พงษ์เต็ง,พ048,สุโขทัย,สุโขทัย
178,คุณพิชัย,พงษ์พลาสติกเกษตร,พ005,เชียงใหม่,เชียงใหม่
179,คุณพิชัย,พรรณทิพย์,พ096,น่าน,น่าน
180,คุณพิชัย,พะเยาเคมีภัณฑ์,พ009,พะเยา,พะเยา
181,คุณพิชัย,พิชัยการเกษตร,พ033,พิษณุโลก,พิษณุโลก
182,คุณพิชัย,พิษณุโลกระบบน้ำเกษตร(2019)จำกัด,พ110,พิษณุโลก,พิษณุโลก
183,คุณพิชัย,พิสิษฐ์ภัณฑ์เชียงราย จำกัด,พ022,เชียงราย,เชียงราย
184,คุณพิชัย,ภูคาคชรัตน์(น่าน) /ภ013,ภ013,น่าน,น่าน
185,คุณพิชัย,มิตรเกษตร(ฝาง),ม014,เชียงใหม่,เชียงใหม่
186,คุณพิชัย,มิตรเกษตร-เจ๊ต่อ(แม่ข่า)-(เชียงใหม่) /ม026,ม026,เชียงใหม่,เชียงใหม่
187,คุณพิชัย,มิตรภาพการค้า,ม042,น่าน,น่าน
188,คุณพิชัย,แม่โจ้ออร์แกนิค,ม0202,เชียงใหม่,เชียงใหม่
189,คุณพิชัย,ยิ่งการเกษตร,ย018,เลย,เลย
190,คุณพิชัย,ยินดี,ย022,เลย,เลย
191,คุณพิชัย,รวมสินชื่นชอบการเกษตร,ร004,เชียงราย,เชียงราย
192,คุณพิชัย,ราชาอาหารสัตว์และเกษตร(เลย) /ร001,ร001,เลย,เลย
193,คุณพิชัย,เรดาร์ โฮมชอป จำกัด(เชียงใหม่) /ร0212,ร0212,เชียงใหม่,เชียงใหม่
194,คุณพิชัย,เรืองพร,ร0262,เลย,เลย
195,คุณพิชัย,เรืองพรวัสดุ,ร0492,เลย,เลย
196,คุณพิชัย,ลิ้มซำฮวด,ล008,สุโขทัย,สุโขทัย
197,คุณพิชัย,ลิ้มศักดากุลเคมีเกษตร จำกัด,ล011,เชียงใหม่,เชียงใหม่
198,คุณพิชัย,วรพลจอมทอง,ว003,เชียงใหม่,เชียงใหม่
199,คุณพิชัย,วัฒนาการเกษตร,ว032,เชียงใหม่,เชียงใหม่
200,คุณพิชัย,วาวีการเกษตร,ว011,เชียงราย,เชียงราย
201,คุณพิชัย,เวียงสาวัสดุภัณฑ์,ว023,น่าน,น่าน
202,คุณพิชัย,ศรีสวรรค์ 2,ศ011,สุโขทัย,สุโขทัย
203,คุณพิชัย,ศักดิ์การเกษตร(พะเยา) /ศ007,ศ007,พะเยา,พะเยา
204,คุณพิชัย,ศักดิ์เกษตร(พิษณุโลก) /ศ016,ศ016,พิษณุโลก,พิษณุโลก
205,คุณพิชัย,ส.พืชผลเจริญการเกษตร,ส026,กำแพงเพชร,กำแพงเพชร
206,คุณพิชัย,ส.รุ่งเรือง(น่าน) /ส008,ส008,น่าน,น่าน
207,คุณพิชัย,สิทธิโชคการเกษตร,ส1772,พิษณุโลก,พิษณุโลก
208,คุณพิชัย,สุเกียว (สำนักงานใหญ่),ส096,น่าน,น่าน
209,คุณพิชัย,สุวรรณภัณฑ์,ส046,เลย,เลย
210,คุณพิชัย,เสรีภู่พิสิฐ,ส0693,เชียงใหม่,เชียงใหม่
211,คุณพิชัย,แสงสุรีย์การเกษตร(เชียงราย) /ส057,ส057,เชียงราย,เชียงราย
212,คุณพิชัย,หลู่วาณิชย์เคมีภัณฑ์,ห022,ลำพูน,ลำพูน
213,คุณพิชัย,อดุลย์ค้าวัสดุ,อ017,ลำพูน,ลำพูน
214,คุณพิชัย,อังการเกษตร,อ132,น่าน,น่าน
215,คุณพิชัย,อาทิตย์เคหะภัณฑ์,อ019,พะเยา,พะเยา
216,คุณพิชัย,อึ้ง เป๋ง เฮง การเกษตร,อ1072,เชียงใหม่,เชียงใหม่
217,คุณพิชัย,เอส ที เซ็นเตอร์ กรุ๊ป,อ190,เชียงใหม่,เชียงใหม่
218,คุณพิชัย,เฮงอะหลั่ย,ฮ007,กำแพงเพชร,กำแพงเพชร
219,คุณวิรุฬห์,กระบุรีเกษตรภัณฑ์,ก039,ระนอง,ระนอง
220,คุณวิรุฬห์,กัญชิต จำกัด,ก091,สงขลา,สงขลา
221,คุณวิรุฬห์,ก้าวหน้าซัพพลาย,ก042,สงขลา,สงขลา
222,คุณวิรุฬห์,คุ้นการเกษตร,ค055,ประจวบคีรีขันธ์,ประจวบคีรีขันธ์
223,คุณวิรุฬห์,โค้วเกษตร,ค004,ประจวบคีรีขันธ์,ประจวบคีรีขันธ์
224,คุณวิรุฬห์,จรัสศรี,จ043,ชุมพร,ชุมพร
225,คุณวิรุฬห์,จิบล้งโลหะภัณฑ์(ปัตตานี) /จ061,จ061,ปัตตานี,ปัตตานี
226,คุณวิรุฬห์,เจเค ภูเก็ต พร็อพเพอร์ตี้ จำกัด-สำนักงานใหญ่ /จ076,จ076,ภูเก็ต,ภูเก็ต
227,คุณวิรุฬห์,เจ็งบุ้งฮวด,จ017,ประจวบคีรีขันธ์,ประจวบคีรีขันธ์
228,คุณวิรุฬห์,เจริญการช่าง,จ018,เพชรบุรี,เพชรบุรี
229,คุณวิรุฬห์,เจริญพืชผล,จ006,สุราษฎร์ธานี,สุราษฎร์ธานี
230,คุณวิรุฬห์,ชัยประเสริฐ,ช032,เพชรบุรี,เพชรบุรี
231,คุณวิรุฬห์,ช่างน้ำ,ช041,สงขลา,สงขลา
232,คุณวิรุฬห์,โชคชัยพานิช,ช014,ประจวบคีรีขันธ์,ประจวบคีรีขันธ์
233,คุณวิรุฬห์,เซเว่นซี ค้าส่ง จำกัด สาขาที่ 00002(พังงา) /ซ0073,ซ0075,พังงา,พังงา
234,คุณวิรุฬห์,เซี่ยงฮวด,ซ009,พัทลุง,พัทลุง
235,คุณวิรุฬห์,แดงเคมีเกษตร,ด004,เพชรบุรี,เพชรบุรี
236,คุณวิรุฬห์,ไตรแพค อินเตอร์เทรด จำกัด-(สงขลา) /ต0432,ต0432,สงขลา,สงขลา
237,คุณวิรุฬห์,เถกิงอุตสาหกรรม สับปะรดกระป๋อง จำกัด,ถ003,ประจวบคีรีขันธ์,ประจวบคีรีขันธ์
238,คุณวิรุฬห์,ทวีชัย,ท042,นครศรีธรรมราช,นครศรีธรรมราช
239,คุณวิรุฬห์,ทักษิณสตีล,ท052,ตรัง,ตรัง
240,คุณวิรุฬห์,ไทยพานิช,ท051,สงขลา,สงขลา
241,คุณอรญา,ไทโยแปซิฟิก จำกัด,ท1061,กทม.,กรุงเทพมหานคร
242,คุณวิรุฬห์,บรรหารค้าวัสดุ,บ022,ระนอง,ระนอง
243,คุณวิรุฬห์,บางกุ้งเกษตรภัณฑ์(2548),บ0163,สุราษฎร์ธานี,สุราษฎร์ธานี
244,คุณวิรุฬห์,บางใหญ่เกษตรภัณฑ์,บ019,สุราษฎร์ธานี,สุราษฎร์ธานี
245,คุณวิรุฬห์,บ้านในเกษตรภัณฑ์,บ021,สุราษฎร์ธานี,สุราษฎร์ธานี
246,คุณวิรุฬห์,บำรุงพานิช,บ003,เพชรบุรี,เพชรบุรี
247,คุณวิรุฬห์,บี บ้านบึง,บ024,ประจวบคีรีขันธ์,ประจวบคีรีขันธ์
248,คุณวิรุฬห์,บุญสมเคมีเกษตร,บ017,สงขลา,สงขลา
249,คุณวิรุฬห์,แบงก์แบตเตอรี่ 2,บ018,ชุมพร,ชุมพร
250,คุณวิรุฬห์,ป.เกษตรภัณฑ์ (ชุมพร),ป014,ชุมพร,ชุมพร
251,คุณวิรุฬห์,ป.อุดม,ป023,สุราษฎร์ธานี,สุราษฎร์ธานี
252,คุณวิรุฬห์,ประพันธ์อะไหล่,ป020,พังงา,พังงา
253,คุณวิรุฬห์,ปากเหมืองรุ่งเรืองกิจ,ป034,นครศรีธรรมราช,นครศรีธรรมราช
254,คุณอรญา,ปึงไท้เชียง,ป044,กทม.,กรุงเทพมหานคร
255,คุณวิรุฬห์,ผาณิตาการเกษตร,ผ002,ประจวบคีรีขันธ์,ประจวบคีรีขันธ์
256,คุณวิรุฬห์,พระรักษ์การเกษตร,พ113,ชุมพร,ชุมพร
257,คุณวิรุฬห์,พัฒนกิจ,พ040,ระนอง,ระนอง
258,คุณวิรุฬห์,พัฒนาเกษตรกล,พ036,ตรัง,ตรัง
259,คุณวิรุฬห์,พิชัยโลหะภัณฑ์,พ107,พัทลุง,พัทลุง
260,คุณวิรุฬห์,ไพโรจน์พานิช,พ015,สุราษฎร์ธานี,สุราษฎร์ธานี
261,คุณวิรุฬห์,ภาคใต้การเกษตร,ภ004,ชุมพร,ชุมพร
262,คุณวิรุฬห์,มานิตย์ระนองการเกษตร จำกัด,ม0162,ระนอง,ระนอง
263,คุณวิรุฬห์,มิตรเกษตร(ระนอง) /ม030,ม030,ระนอง,ระนอง
264,คุณวิรุฬห์,เม้งเกษตรเคมีภัณฑ์,ม018,ตรัง,ตรัง
265,คุณวิรุฬห์,เมษารุ่งเรือง,ม059,สตูล,สตูล
266,คุณวิรุฬห์,เมืองไทย(คลองแงะ),ม028,สงขลา,สงขลา
267,คุณวิรุฬห์,ยงนำ หาดใหญ่ฮาร์ดแวร์,ย005,สงขลา,สงขลา
268,คุณวิรุฬห์,ยูโสบคานกลการ,ย008,สตูล,สตูล
269,คุณวิรุฬห์,ยูโสบคานคลังเกษตร,ย007,สตูล,สตูล
270,คุณวิรุฬห์,รุ่งศิลป์ 22,ร024,ตรัง,ตรัง
271,คุณอรญา,ลิฟวิ่ง กราส จำกัด(สำนักงานใหญ่),ล0323,กทม.,กรุงเทพมหานคร
272,คุณวิรุฬห์,ลิ้มกิมเส็ง,ล013,ประจวบคีรีขันธ์,ประจวบคีรีขันธ์
273,คุณวิรุฬห์,ลุงน้ำการเกษตร,ล003,ชุมพร,ชุมพร
274,คุณวิรุฬห์,เลขาโลหะภัณฑ์-นครศรีฯ /ล035,ล035,นครศรีธรรมราช,นครศรีธรรมราช
275,คุณวิรุฬห์,เล้งพาวเวอร์ทูลส์ จำกัด,ล033,พังงา,พังงา
276,คุณวิรุฬห์,ว.เกษตรภัณฑ์(บ้านส้อง),ว026,สุราษฎร์ธานี,สุราษฎร์ธานี
277,คุณวิรุฬห์,วิโรจน์การค้า,ว052,ชุมพร,ชุมพร
278,คุณวิรุฬห์,วิเศษการเกษตร,ว021,ประจวบคีรีขันธ์,ประจวบคีรีขันธ์
279,คุณวิรุฬห์,ศรีสุพรรณพานิช,ศ006,ปัตตานี,ปัตตานี
280,คุณวิรุฬห์,ศิริชัยเกษตรภัณฑ์,ศ015,นครศรีธรรมราช,นครศรีธรรมราช
281,คุณวิรุฬห์,สมศรีเกษตรภัณฑ์,ส182,สุราษฎร์ธานี,สุราษฎร์ธานี
282,คุณวิรุฬห์,สหพานิชจันดี,ส0552,นครศรีธรรมราช,นครศรีธรรมราช
283,คุณวิรุฬห์,สหไพบูลย์,ส074,นครศรีธรรมราช,นครศรีธรรมราช
284,คุณวิรุฬห์,สหภัณฑ์,ส067,กระบี่,กระบี่
285,คุณวิรุฬห์,สาม ม.เกษตรภัณฑ์(นครศรีฯ) /ส116,ส116,นครศรีธรรมราช,นครศรีธรรมราช
286,คุณวิรุฬห์,สายบุรีฟาร์ม,ส141,ปัตตานี,ปัตตานี
287,คุณวิรุฬห์,สาระเห็ด วัสดุ,ส190,เพชรบุรี,เพชรบุรี
288,คุณวิรุฬห์,สิงห์รุ่งเรือง,ส155,นครศรีธรรมราช,นครศรีธรรมราช
289,คุณวิรุฬห์,สินเสถียรอะไหล่,ส133,ระนอง,ระนอง
290,คุณวิรุฬห์,สุขสรรค์ ไชยโชค(โชคพิทักษ์),ช0211,อุดรธานี,อุดรธานี
291,คุณวิรุฬห์,หนูทับการเกษตร จำกัด,ห023,นครศรีธรรมราช,นครศรีธรรมราช
292,คุณวิรุฬห์,หลังสวนเกษตรภัณฑ์,ห017,ชุมพร,ชุมพร
293,คุณวิรุฬห์,อนุชิต ขจีรัตน์วัฒนา(นครศรีฯ) /อ100,อ100,นครศรีธรรมราช,นครศรีธรรมราช
294,คุณวิรุฬห์,เอ็ม.โฟร์.การเกษตร,อ111,นครศรีธรรมราช,นครศรีธรรมราช
295,คุณวิรุฬห์,เอส เอส ซี กรุ๊ป,อ099,นครศรีธรรมราช,นครศรีธรรมราช
296,คุณวิรุฬห์,ก.เกษตรภัณฑ์,ก081,ราชบุรี,ราชบุรี
297,คุณกิตติพงษ์,ก.อุปกรณ์,ก035,จันทบุรี,จันทบุรี
298,คุณกิตติพงษ์,ก้องโลหะ,ก041,ฉะเชิงเทรา,ฉะเชิงเทรา
299,คุณกิตติพงษ์,กิจเจริญการเกษตร,ก050,พิจิตร,พิจิตร
300,คุณกิตติพงษ์,กิมแซศรีเทพ 1995(เพชรบูรณ์) /ก086,ก086,เพชรบูรณ์,เพชรบูรณ์
301,คุณอรญา,เกษตรภัณฑ์(สุพรรณบุรี) /ก047,ก047,สุพรรณบุรี,สุพรรณบุรี
302,คุณวิรุฬห์,ขายถังท่าล้อ,ข003,กาญจนบุรี,กาญจนบุรี
303,คุณกิตติพงษ์,จันทร์เจริญเกษตรภัณฑ์,จ004,เพชรบูรณ์,เพชรบูรณ์
304,คุณกิตติพงษ์,จูฮะฮวดเกษตรภัณฑ์,จ010,สิงห์บุรี,สิงห์บุรี
305,คุณกิตติพงษ์,เจ๊เจี๊ยบการไฟฟ้า,จ080,นครสวรรค์,นครสวรรค์
306,คุณกิตติพงษ์,เจริญชล,จ036,ชลบุรี,ชลบุรี
307,คุณกิตติพงษ์,เจ้าพระยาการเกษตร,จ078,ชัยนาท,ชัยนาท
308,คุณกิตติพงษ์,ฉลวยเภสัช,ฉ001,อุทัยธานี,อุทัยธานี
309,คุณกิตติพงษ์,ช.พูนกิจชลบุรี จำกัด,ช0103,ชลบุรี,ชลบุรี
310,คุณกิตติพงษ์,ชัชวาลย์เภสัช,ช007,จันทบุรี,จันทบุรี
311,คุณกิตติพงษ์,ณวัฒน์ ซื่อสัจลือสกุล,ณ013,ชลบุรี,ชลบุรี
312,คุณกิตติพงษ์,ดี แอนด์ ดี สิริ,ส0651,นครสวรรค์,นครสวรรค์
313,คุณวิรุฬห์,ตงเฮงการเกษตร,ต025,กาญจนบุรี,กาญจนบุรี
314,คุณกิตติพงษ์,ตราดตระกูลพานิช,ต035,ตราด,ตราด
315,คุณกิตติพงษ์,ตรีเพ็ชร ครอปซายน์ จำกัด,ต041,จันทบุรี,จันทบุรี
316,คุณพิชัย,ตากนานาภัณฑ์,ต031,ตาก,ตาก
317,คุณวิรุฬห์,ทรงพลธุรกิจการเกษตร,ท023,กาญจนบุรี,กาญจนบุรี
318,คุณวิรุฬห์,ทรัพย์เกษตร,ท046,กาญจนบุรี,กาญจนบุรี
319,คุณกิตติพงษ์,ทรายอะไหล่ยนต์,ท035,พิจิตร,พิจิตร
320,คุณกิตติพงษ์,ทองปานการเกษตร,ท036,พิจิตร,พิจิตร
321,คุณกิตติพงษ์,ท่าเหล็กไทย (เพชรบูรณ์) /ท014,ท014,เพชรบูรณ์,เพชรบูรณ์
322,คุณอรญา,ทิพวรรณ,ท054,สุพรรณบุรี,สุพรรณบุรี
323,คุณกิตติพงษ์,ที.ซี.อาร์.สตีล,ท116,ชลบุรี,ชลบุรี
324,คุณกิตติพงษ์,ไทยถาวรบึงสามพันก่อสร้าง,ท005,เพชรบูรณ์,เพชรบูรณ์
325,คุณกิตติพงษ์,ไทยทองดีการเกษตร,ท050,เพชรบูรณ์,เพชรบูรณ์
326,คุณพิชัย,ไทยนำ,ท039,ตาก,ตาก
327,คุณวิรุฬห์,ไทยประมง,ท038,ราชบุรี,ราชบุรี
328,คุณกิตติพงษ์,ไทยรัตน์ ฮาร์ดแวร์,ท064,ระยอง,ระยอง
329,คุณกิตติพงษ์,ไทยวิทยุ,ท049,ระยอง,ระยอง
330,คุณกิตติพงษ์,ธนทรัพย์เกษตรภัณฑ์,ธ043,อุทัยธานี,อุทัยธานี
331,คุณพิชัย,ธนผล,ธ012,ตาก,ตาก
332,คุณพิชัย,ธนาสิน,ธ016,ตาก,ตาก
333,คุณกิตติพงษ์,นะโมช็อป,น027,จันทบุรี,จันทบุรี
334,คุณพิชัย,นาโบสถ์การเกษตร,น044,ตาก,ตาก
335,คุณกิตติพงษ์,นิมิตรยนต์การเกษตร,น005,อุทัยธานี,อุทัยธานี
336,คุณวิรุฬห์,นิวัฒน์ชัยท่อน้ำ,น013,ราชบุรี,ราชบุรี
337,คุณกิตติพงษ์,บริษัท สิริการค้า อินเตอร์เทรด จำกัด,ส0651,นครสวรรค์,นครสวรรค์
338,คุณกิตติพงษ์,บวรเลิศการเกษตร,บ036,ฉะเชิงเทรา,ฉะเชิงเทรา
339,คุณกิตติพงษ์,บ้านเกษตร(พิจิตร) /บ055,บ055,พิจิตร,พิจิตร
340,คุณกิตติพงษ์,บุญเกรียง,บ007,ตราด,ตราด
341,คุณกิตติพงษ์,โบโซ่(ตลาดพ่อขุน),บ031,เพชรบูรณ์,เพชรบูรณ์
342,คุณกิตติพงษ์,ป.รุ่งกิจ 789,ป0401,นครสวรรค์,นครสวรรค์
343,คุณกิตติพงษ์,ปฎิพัทธ์ วนาวงศ์ธเนศ /ป065,ป065,,
344,คุณพิชัย,ปีนัง-ลูกชาย,ป031,ตาก,ตาก
345,คุณกิตติพงษ์,พรชัยเขาไร่ยา,พ039,จันทบุรี,จันทบุรี
346,คุณกิตติพงษ์,พัฒนกิจเกษตร,พ031,ตราด,ตราด
347,คุณกิตติพงษ์,พิมพ์ทรัพย์อุดมโชค จำกัด,พ127,เพชรบูรณ์,เพชรบูรณ์
348,คุณกิตติพงษ์,พีรศักดิ์,พ087,นครสวรรค์,นครสวรรค์
349,คุณวิรุฬห์,ไพรินทร์การเกษตร,อ1052,กาญจนบุรี,กาญจนบุรี
350,คุณกิตติพงษ์,ภ.โลหะภัณฑ์,ภ018,ฉะเชิงเทรา,ฉะเชิงเทรา
351,คุณวิรุฬห์,มั่งมีพาณิชย์,ม057,กาญจนบุรี,กาญจนบุรี
352,คุณกิตติพงษ์,ไมตรีจิตการเกษตร,ม010,จันทบุรี,จันทบุรี
353,คุณกิตติพงษ์,ราตรีการเกษตร,ร047,พิจิตร,พิจิตร
354,คุณพิชัย,รุ่งเสรีชัย 2018(ตาก) /ร050,ร050,ตาก,ตาก
355,คุณอรญา,เล้งการค้า,ล012,สุพรรณบุรี,สุพรรณบุรี
356,คุณกิตติพงษ์,วันดี,ว034,เพชรบูรณ์,เพชรบูรณ์
357,คุณอรญา,วิชัยเกษตรภัณฑ์,ว007,สุพรรณบุรี,สุพรรณบุรี
358,คุณกิตติพงษ์,วีระพานิช,ว061,จันทบุรี,จันทบุรี
359,คุณกิตติพงษ์,ศรแดงการเกษตร,ศ010,อ่างทอง,อ่างทอง
360,คุณกิตติพงษ์,ศรีเจริญพานิช,ศ009,พิจิตร,พิจิตร
361,คุณกิตติพงษ์,ศุภวัฒน์การเกษตร(พรหมภัสสร),ศ031,เพชรบูรณ์,เพชรบูรณ์
362,คุณกิตติพงษ์,ส.รุ่งเรือง(ฉะเชิงเทรา),ส061,ฉะเชิงเทรา,ฉะเชิงเทรา
363,คุณกิตติพงษ์,ส.สหพาณิชการเกษตร,ส1263,นครสวรรค์,นครสวรรค์
364,คุณกิตติพงษ์,สมหมายการเกษตร,ส151,นครสวรรค์,นครสวรรค์
365,คุณวิรุฬห์,สยาม บิลด์อิท จำกัด,ส136,กาญจนบุรี,กาญจนบุรี
366,คุณกิตติพงษ์,สากเหล็กการเกษตร,ส013,พิจิตร,พิจิตร
367,คุณกิตติพงษ์,สิทธิชัย,ส017,เพชรบูรณ์,เพชรบูรณ์
368,คุณวิรุฬห์,แสงอุดม ภุมราเศวต /ส115,ส115,กาญจนบุรี,กาญจนบุรี
369,คุณกิตติพงษ์,หจก.หลีย่งอัน,ห0032,เพชรบูรณ์,เพชรบูรณ์
370,คุณอรญา,อ.ทองไทย,อ032,สุพรรณบุรี,สุพรรณบุรี
371,คุณกิตติพงษ์,อรุณพืชผล,อ025,เพชรบูรณ์,เพชรบูรณ์
372,คุณกิตติพงษ์,อินทโชค-(ศรีสะเกษ) /อ089,อ089,ศรีสะเกษ,ศรีสะเกษ
373,คุณวิรุฬห์,เอกพรรณ,อ1052,กาญจนบุรี,กาญจนบุรี
374,คุณกิตติพงษ์,แอ็กกี้โฮม จำกัด /อ103,อ103,ชัยนาท,ชัยนาท
375,บริษัท,Jams(Cambodia) /จ067,จ067,Cambodia,Cambodia
376,บริษัท,"LH agriculture co.,ltd /อ134",อ134,,
377,บริษัท,ParkThang Village(LIN) /พ128,พ128,Lao,Lao
378,บริษัท,SerngLY,ส168,Cambodia,Cambodia
379,บริษัท,เก็บทรัพย์ จำกัด-นนทบุรี /ก140,ก140,นนทบุรี,นนทบุรี
380,บริษัท,เงินสด,ง001,นนทบุรี,นนทบุรี
381,บริษัท,ซาวาลิน จำกัด(กทม.) /ซ017,ซ017,กทม.,กรุงเทพมหานคร
382,บริษัท,งามสิริ แซ่ตั้ง,ง004,สมุทรปราการ,สมุทรปราการ
383,บริษัท,ธนาคูณพร็อพเพอร์ตี้ จำกัด /ธ042,ธ042,นนทบุรี,นนทบุรี
384,บริษัท,ปณัยยา บุญเกิด,ป056,นนทบุรี,นนทบุรี
385,บริษัท,ปภัสสร ไข่ษรศักดิ์,ป062,นนทบุรี,นนทบุรี
386,บริษัท,ภรณ์ทิพย์ ทองผิว,ภ027,นนทบุรี,นนทบุรี
387,บริษัท,มณฑา เบทเทอร์เมนท์ จำกัด,ม0511,นนทบุรี,นนทบุรี
388,บริษัท,ราวี ศรีสุทัศน์,ร031,นนทบุรี,นนทบุรี
389,บริษัท,ลิขิต,ล023,พม่า,พม่า
390,บริษัท,สหเซวา จำกัด,ส174,ประจวบคีรีขันธ์,ประจวบคีรีขันธ์
391,บริษัท,ออฟ มาย เบค จำกัด,อ199,นนทบุรี,นนทบุรี
392,บริษัท,เอกลักษณ์ แดงน้อย /อ093,อ0932,นนทบุรี,นนทบุรี
393,คุณจักรพันธ์,กิจเกษตรกิจ,ก079,อำนาจเจริญ,อำนาจเจริญ
394,คุณจักรพันธ์,กิมเซ้งฮาร์ดแวร์ จำกัด,ก004,อุดรธานี,อุดรธานี
395,คุณจักรพันธ์,จันทร์รุ่ง วัสดุ,จ086,อุบลราชธานี,อุบลราชธานี
396,คุณจักรพันธ์,โชคบุญมากสินทวี 2018,ช049,ศรีสะเกษ,ศรีสะเกษ
397,คุณจักรพันธ์,ซีเค กรุ๊ป การเกษตร จำกัด,ซ023,สุรินทร์,สุรินทร์
398,คุณจักรพันธ์,ทองมากค้าผ้า(สาขาโนนคูณ),ท117,ศรีสะเกษ,ศรีสะเกษ
399,คุณจักรพันธ์,ทันสมัยการเกษตร,ท096,สุรินทร์,สุรินทร์
400,คุณจักรพันธ์,ไทยเจริญ,ท004,ชัยภูมิ,ชัยภูมิ
401,คุณจักรพันธ์,พัฒนาการช่าง(บขส)-(สกลนคร) /พ008,พ008,สกลนคร,สกลนคร
402,คุณจักรพันธ์,ภารุ่งเรืองการเกษตร,บ0291,สกลนคร,สกลนคร
403,คุณจักรพันธ์,มหาผลการเกษตร,ม007,นครพนม,นครพนม
404,คุณจักรพันธ์,มาสเตอร์เวิร์ค ไดเรคท์(นครราชสีมา) /ม062,ม062,นครราชสีมา,นครราชสีมา
405,คุณจักรพันธ์,รุ่งเรืองกิจ,ร014,อำนาจเจริญ,อำนาจเจริญ
406,คุณจักรพันธ์,รุ่งเรืองชัยเกษตรนากลาง จำกัด,ร035,หนองบัวลำภู,หนองบัวลำภู
407,คุณจักรพันธ์,เอี่ยมเส็ง 2003 จำกัด,อ191,ขอนแก่น,ขอนแก่น
408,คุณจักรพันธ์,โฮมพลัส สโตร์ จำกัด-(มหาสารคาม) /ฮ016,ฮ016,มหาสารคาม,มหาสารคาม
409,คุณกิตติพงษ์,กฤตพาณิชย์ /ก090,ก090,สุพรรณบุรี,สุพรรณบุรี
410,คุณกิตติพงษ์,กู๊ดมอร์นิ่ง อะกริคัลเจอร์ แอนด์ ทูลส์ จำกัด(สนงญ),ก087,ลพบุรี,ลพบุรี
411,คุณอรญา,เกียรติทวีค้าไม้ จำกัด,ก078,กทม.,กรุงเทพมหานคร
412,คุณอรญา,ครูเล็ก-(กทม.) /ค050,ค050,กทม.,กรุงเทพมหานคร
413,คุณอรญา,เจริญซีเมนต์ จำกัด,จ069,นนทบุรี,นนทบุรี
414,คุณวิรุฬห์,เจริญพักตร์ วิศวกรรม จำกัด,จ081,สมุทรสาคร,สมุทรสาคร
415,คุณอรญา,ซี เอส เทรดดิ้ง (คุณกิ๊บ),ซ016,กทม.,กรุงเทพมหานคร
416,คุณอรญา,ประสิทธิ์ รุจิโรจน์วงศ์,ป048,กทม.,กรุงเทพมหานคร
417,คุณอรญา,พี แอนด์ เค ไลม์โปรดักซ์ จำกัด /พ133,พ133,,
418,คุณอรญา,ภัทรชัย เอี่ยมรัตนเมธีกุล,ภ012,กทม.,กรุงเทพมหานคร
419,คุณกิตติพงษ์,เม้งเจริญ,ม0414,สระบุรี,สระบุรี
420,คุณกิตติพงษ์,ล.ประสิทธิ์,ล021,สระบุรี,สระบุรี
421,คุณอรญา,เล็ก-ดา(ปทุมธานี) /ล025,ล025,ปทุมธานี,ปทุมธานี
422,คุณอรญา,วิคตอรี่ สตีล อิมปอร์ต เอ็กซ์ปอร์ต จำกัด /ว036,ว036,กทม.,กรุงเทพมหานคร
423,คุณกิตติพงษ์,วิไลเจริญภัณฑ์,ว064,สระบุรี,สระบุรี
424,คุณอรญา,ไวท์ ปาร์ตี้ พลัส จำกัด-(กทม.) /ว037,ว0372,กทม.,กรุงเทพมหานคร
425,คุณวิรุฬห์,สยามอะดิเนี่ยม จำกัด-นครปฐม /ส189,ส189,นครปฐม,นครปฐม
426,คุณอรญา,สายชล สิทธิสม(ปรีชาพันธุ์ไม้)-กทม. /ส193,ส193,กทม.,กรุงเทพมหานคร
427,คุณอรญา,กรีน ซีดส์ จำกัด,อ0523,สกลนคร,สกลนคร
428,คุณอรญา,คิง โปรดัก คอนโทรล จำกัด /ค052,ค052,กทม.,กรุงเทพมหานคร
429,คุณอรญา,ซี.พี. เกษตร เชือก,ซ0061,กทม.,กรุงเทพมหานคร
430,คุณอรญา,ไทยยูนิบรอส จำกัด,ง303,กทม.,กรุงเทพมหานคร
431,คุณอรญา,เพชรตระกูล อุตสาหกรรม,พ131,สมุทรปราการ,สมุทรปราการ
432,คุณวิรุฬห์,วี.อาร์.ยูเนี่ยน จำกัด,ว062,สมุทรสาคร,สมุทรสาคร
433,คุณอรญา,สยามวิวัฒน์ จำกัด /ส010,ส010,กทม.,กรุงเทพมหานคร
434,คุณอรญา,อาร์.ที.คอร์เปอเรชั่น จำกัด,อ110,กทม.,กรุงเทพมหานคร
435,คุณพิชัย,เกษตรพัชรพฤกษ์,ก054,สุโขทัย,สุโขทัย
436,คุณพิชัย,เกษตรยนต์ (2530) จำกัด,ก0302,ลำพูน,ลำพูน
437,คุณพิชัย,เจริญพานิช(อุตรดิตถ์) /จ023,จ023,อุตรดิตถ์,อุตรดิตถ์
438,คุณพิชัย,ชัยฟ้าเกษตรภัณฑ์,ช020,อุตรดิตถ์,อุตรดิตถ์
439,คุณพิชัย,เต็งชูเกียรติ(สุโขทัย) /ต018,ต018,สุโขทัย,สุโขทัย
440,คุณพิชัย,แต้เตียมฮวด,ต023,สุโขทัย,สุโขทัย
441,คุณพิชัย,ไทยวัฒนันท์วัสดุก่อสร้าง,ม0322,เชียงราย,เชียงราย
442,คุณพิชัย,ไทยสวัสดี,ท056,ลำปาง,ลำปาง
443,คุณพิชัย,นามจันทร์ลักษณ์,น036,เชียงใหม่,เชียงใหม่
444,คุณพิชัย,ประเสริฐสมเคหะภัณฑ์,ป019,ลำพูน,ลำพูน
445,คุณพิชัย,มัณฑนาวัสดุ(กำแพงเพชร) /ม040,ม040,กำแพงเพชร,กำแพงเพชร
446,คุณพิชัย,แม่สะเรียงการเกษตร,ม0491,แม่ฮ่องสอน,แม่ฮ่องสอน
447,คุณพิชัย,รุ่งนิรันทร์,ร007,พะเยา,พะเยา
448,คุณพิชัย,เรืองศิริ เคพีพี จำกัด,ร045,กำแพงเพชร,กำแพงเพชร
449,คุณพิชัย,ละเอียดวัสดุ,ล036,พิษณุโลก,พิษณุโลก
450,คุณพิชัย,ศ.บ้านแซม,ศ002,ลำพูน,ลำพูน
451,คุณพิชัย,ศักดิ์สิทธิ์,ศ017,เชียงใหม่,เชียงใหม่
452,คุณพิชัย,ส.สหไทยเทรดดิ้ง-อุตรดิตถ์ /ท1021,ท1021,อุตรดิตถ์,อุตรดิตถ์
453,คุณพิชัย,สวนอิ่มผล(ร้านเอฟ 242-245)-(เชียงใหม่) /ส056,ส056,เชียงใหม่,เชียงใหม่
454,คุณพิชัย,สุชาดาพาณิชย์,ส052,เชียงใหม่,เชียงใหม่
455,คุณพิชัย,เสียงชัย(กำแพงเพชร) /ส041,ส041,กำแพงเพชร,กำแพงเพชร
456,คุณพิชัย,เอ็ม เอ็น-ช็อป (เชียงใหม่) /อ1171,อ1171,เชียงใหม่,เชียงใหม่
457,คุณวิรุฬห์,ก.ลูกชาวนาการเกษตร,ก098,นครศรีธรรมราช,นครศรีธรรมราช
458,คุณวิรุฬห์,กสิวิวัฒน์ (นครศรีฯ) /ก075,ก075,นครศรีธรรมราช,นครศรีธรรมราช
459,คุณวิรุฬห์,เกษตรภัณฑ์(สงขลา) /ก005,ก005,สงขลา,สงขลา
460,คุณวิรุฬห์,เกาะรุ้งเกษตรภัณฑ์,ก092,นครศรีธรรมราช,นครศรีธรรมราช
461,คุณวิรุฬห์,คูไต้เจี่ย,ค001,สงขลา,สงขลา
462,คุณวิรุฬห์,จรูญการเกษตร,จ072,นครศรีธรรมราช,นครศรีธรรมราช
463,คุณวิรุฬห์,ชลกิจสปริงเกอร์,ช042,เพชรบุรี,เพชรบุรี
464,คุณวิรุฬห์,เซเว่นซี ค้าส่ง จำกัด (สนญ.)-สงขลา /ซ0075,ซ0075,สงขลา,สงขลา
465,คุณวิรุฬห์,ณัชชาภัณฑ์,ณ002,นครศรีธรรมราช,นครศรีธรรมราช
466,คุณวิรุฬห์,ไถ่เชียงหลังสวน จำกัด(ชุมพร) /ถ001,ถ001,ชุมพร,ชุมพร
467,คุณวิรุฬห์,ทริปเปิล เอ กรุ๊ป,ท0711,ระนอง,ระนอง
468,คุณวิรุฬห์,ทำนบวัสดุก่อสร้าง,ท105,ยะลา,ยะลา
469,คุณวิรุฬห์,เทพนครการประปา,ท040,นครศรีธรรมราช,นครศรีธรรมราช
470,คุณวิรุฬห์,ป๋วยพานิช(จันดี)-(นครศรีฯ) /ป025,ป025,นครศรีธรรมราช,นครศรีธรรมราช
471,คุณวิรุฬห์,ปัตตานีจักรกลการเกษตร,ป018,ปัตตานี,ปัตตานี
472,คุณวิรุฬห์,พรหมทองการเกษตร,พ038,พัทลุง,พัทลุง
473,คุณวิรุฬห์,พี่วัฒน์,ว0251,นครศรีธรรมราช,นครศรีธรรมราช
474,คุณวิรุฬห์,เฟื่องศักดิ์วัฒน์(นครศรีฯ) /ฟ004,ฟ004,นครศรีธรรมราช,นครศรีธรรมราช
475,คุณวิรุฬห์,ยอดเกษตร,ย004,นครศรีธรรมราช,นครศรีธรรมราช
476,คุณวิรุฬห์,รุ่งโรจน์การเกษตร,ร041,พัทลุง,พัทลุง
477,คุณวิรุฬห์,เล็กรัตน์ซุปเปอร์,ล030,นครศรีธรรมราช,นครศรีธรรมราช
478,คุณวิรุฬห์,ศรายุทธเครื่องตัดหญ้า,ศ037,นครศรีธรรมราช,นครศรีธรรมราช
479,คุณวิรุฬห์,สองเกษตรพาณิชย์,ส062,นครศรีธรรมราช,นครศรีธรรมราช
480,คุณวิรุฬห์,เสือการเกษตร,ส192,ชุมพร,ชุมพร
481,คุณวิรุฬห์,อัสมาการพาณิชย์-(สงขลา) /อ124,อ124,สงขลา,สงขลา
482,คุณวิรุฬห์,อาบู มุสฟานี นังตา,อ125,ยะลา,ยะลา
483,คุณวิรุฬห์,เอส พี ซัพพลาย,ศ0381,สงขลา,สงขลา
484,คุณวิรุฬห์,โอเคซัพพลาย หาดใหญ่ จำกัด(สนญ.),อ0952,สุราษฎร์ธานี,สุราษฎร์ธานี
485,คุณกิตติพงษ์,กล้าเกษตร,ก007,พิจิตร,พิจิตร
486,คุณกิตติพงษ์,เขาดินกลการ,น0081,ระยอง,ระยอง
487,คุณกิตติพงษ์,ครูว์ ดีบิวด์ จำกัด,ค043,กทม.,กรุงเทพมหานคร
488,คุณกิตติพงษ์,คลองจันทร์โลหะชัย 2,ค051,ชัยนาท,ชัยนาท
489,คุณวิรุฬห์,ซินหงี่ฮะ,ซ005,กาญจนบุรี,กาญจนบุรี
490,คุณกิตติพงษ์,เต็กการเกษตร,ต015,พิจิตร,พิจิตร
491,คุณกิตติพงษ์,ไทยวิทยุ 2556(ระยอง) /ท065,ท065,ระยอง,ระยอง
492,คุณกิตติพงษ์,เนส มล เจริญอะไหล่(พิจิตร) /น041,น041,พิจิตร,พิจิตร
493,คุณกิตติพงษ์,ภรณ์ทิพย์ จรุงจรรยาพงศ์ /ภ028,ภ028,ชลบุรี,ชลบุรี
494,คุณกิตติพงษ์,ภัทรภัณฑ์,ภ003,จันทบุรี,จันทบุรี
495,คุณกิตติพงษ์,"ภานุมาศ,กฤษณะภัณฑ์ (ชัยนาท) /ภ022",ภ022,ชัยนาท,ชัยนาท
496,คุณอรญา,มงกุฎทอง,ม004,สุพรรณบุรี,สุพรรณบุรี
497,คุณกิตติพงษ์,ชนาธิป การ์เด้น จำกัด-(แม่ประยูร),ม0641,เพชรบูรณ์,เพชรบูรณ์
498,คุณกิตติพงษ์,เรียมการเกษตร,ร033,ฉะเชิงเทรา,ฉะเชิงเทรา
499,คุณกิตติพงษ์,ส่งอางฮึ๊ง,ส015,นครสวรรค์,นครสวรรค์
500,คุณกิตติพงษ์,สหมงคลฮาร์ดแวร์,ส144,ชลบุรี,ชลบุรี
501,คุณกิตติพงษ์,อดิศร กำจัดโศรก,อ101,ชลบุรี,ชลบุรี
502,บริษัท,Phorn Nok /พ130,พ130,,
503,บริษัท,เกียรติศักดิ์ เรืองศรี,ง013,นนทบุรี,นนทบุรี
504,บริษัท,พัชดา สวัสดิ์ธนาคูณ /พ085,พ085,กทม.,กรุงเทพมหานคร
505,บริษัท,มิตรไมตรี 1994 จำกัด /ม044,ม044,,
506,บริษัท,ร่วมดีคอนสตรัคชั่น จำกัด,ร046,นนทบุรี,นนทบุรี
507,บริษัท,แสงไทยผลิตยาง จำกัด,ส143,สมุทรปราการ,สมุทรปราการ
508,คุณจักรพันธ์,จึงเจริญการเกษตร 2,จ070,ศรีสะเกษ,ศรีสะเกษ
509,คุณจักรพันธ์,เซียงเซี่ยงกี่,ซ004,มุกดาหาร,มุกดาหาร
510,คุณจักรพันธ์,ทวีโชค,ท020,อุบลราชธานี,อุบลราชธานี
511,คุณจักรพันธ์,ไทยสามัคคี-สว่างแดนดิน(สกลนคร) /ท008,ท008,สกลนคร,สกลนคร
512,คุณจักรพันธ์,นางรองการเกษตร,น011,บุรีรัมย์,บุรีรัมย์
513,คุณจักรพันธ์,นิรันทร์พาณิชย์,น009,ศรีสะเกษ,ศรีสะเกษ
514,คุณจักรพันธ์,บุญส่งเสริม,บ059,นครราชสีมา,นครราชสีมา
515,คุณจักรพันธ์,ยานางวัสดุ-(หนองบัวลำภู) /ย025,ย025,หนองบัวลำภู,หนองบัวลำภู
516,คุณจักรพันธ์,รวมมิตร วัสดุก่อสร้าง(2018),ร067,ศรีสะเกษ,ศรีสะเกษ
517,คุณจักรพันธ์,รุ่งอนันต์เคมีภัณฑ์(ศรีสะเกษ) /ร013,ร013,ศรีสะเกษ,ศรีสะเกษ
518,คุณจักรพันธ์,แสงทวีครอปแคร์ 1973 จำกัด,ส119,ขอนแก่น,ขอนแก่น
519,คุณจักรพันธ์,แสงทองอาหารสัตว์,ส059,นครราชสีมา,นครราชสีมา
520,คุณกิตติพงษ์,คำมูล,ค003,ปราจีนบุรี,ปราจีนบุรี
521,คุณอรญา,เคทีเอส อินเตอร์เทรดดิ้ง จำกัด-(กทม.) /ค058,ค058,กทม.,กรุงเทพมหานคร
522,คุณกิตติพงษ์,เจี่ยเทียมเส็งการเกษตร,จ005,สระแก้ว,สระแก้ว
523,คุณกิตติพงษ์,ไทยสวัสดิ์ค้าวัสดุและโลหะภัณฑ์,ท011,สระบุรี,สระบุรี
524,คุณอรญา,พเยาว์ เจียมจันทร์แจ้ง(กทม.) /พ124,พ124,กทม.,กรุงเทพมหานคร
525,คุณกิตติพงษ์,เม้งเจริญวังม่วงค้าเหล็ก(สระบุรี) /ม0412,ม0414,สระบุรี,สระบุรี
526,คุณอรญา,วี เอ็น โปรดักส์,ว069,นนทบุรี,นนทบุรี
527,คุณกิตติพงษ์,สินทองการเกษตร,ส131,ปราจีนบุรี,ปราจีนบุรี
528,คุณอรญา,เอส ซีจี แสงเจริญกรุ๊ป,อ0391,กทม.,กรุงเทพมหานคร
529,คุณอรญา,คณิต ปานทอง,ค042,กาญจนบุรี,กาญจนบุรี
530,คุณอรญา,ที.เค.ที มาร์เก็ตติ้ง จำกัด,ท068,กทม.,กรุงเทพมหานคร
531,คุณอรญา,ธนนท์ 1982 จำกัด-นนทบุรี /ธ046,ธ046,นนทบุรี,นนทบุรี
532,คุณอรญา,สินทวีภัณฑ์,ส111,กทม.,กรุงเทพมหานคร
533,คุณอรญา,เอส วาย มาร์เก็ตติ้ง-กรุงเทพฯ /อ135,อ135,กทม.,กรุงเทพมหานคร
534,คุณพิชัย,เกษตรยนต์อะหลั่ย(ลำพูน) /ก0301,ก0302,ลำพูน,ลำพูน
535,คุณพิชัย,จักรวาล,จ084,เชียงราย,เชียงราย
536,คุณพิชัย,เจ๊แดง(ลำพูน) /จ009,จ009,ลำพูน,ลำพูน
537,คุณพิชัย,เจริญผลก่อสร้าง,จ008,พิษณุโลก,พิษณุโลก
538,คุณพิชัย,ดาวทอง,ด007,สุโขทัย,สุโขทัย
539,คุณพิชัย,ท็อปนอร์ท อินเตอร์เทรด จำกัด,ก0842,น่าน,น่าน
540,คุณพิชัย,เพิ่มพูนการค้าวรนคร(น่าน) /พ119,พ119,น่าน,น่าน
541,คุณพิชัย,โรงพยาบาลสัตว์ลำปาง(อุดมการเกษตร) /ร038,ร038,ลำปาง,ลำปาง
542,คุณพิชัย,ศรีสอาดการเกษตร(เชียงใหม่) /ศ003,ศ003,เชียงใหม่,เชียงใหม่
543,คุณพิชัย,สลกบาตร(รวมน๊อต),ส073,กำแพงเพชร,กำแพงเพชร
544,คุณพิชัย,สันป่าตองเคมีเกษตร,ส063,เชียงใหม่,เชียงใหม่
545,คุณพิชัย,หัวเวียงของถูก,ป0582,เชียงใหม่,เชียงใหม่
546,คุณวิรุฬห์,โกลั๋มพืชผล(พังงา) /ก070,ก070,พังงา,พังงา
547,คุณวิรุฬห์,ครอบโปรไลน์(โกเค่ง),ค041,นครศรีธรรมราช,นครศรีธรรมราช
548,คุณวิรุฬห์,จีรพร วรวงศ์สกุล(นครศรีฯ) /จ055,จ055,นครศรีธรรมราช,นครศรีธรรมราช
549,คุณวิรุฬห์,ไถ่เชียงโฮมแม็กซ์ จำกัด,ถ002,ชุมพร,ชุมพร
550,คุณวิรุฬห์,ทรัพย์ประเสริฐการเกษตร,ท053,ตรัง,ตรัง
551,คุณวิรุฬห์,บ้านใหม่ค้าวัสดุก่อสร้าง(เพชรบุรี) /บ067,บ067,เพชรบุรี,เพชรบุรี
552,คุณวิรุฬห์,ปกรณ์การเกษตร(นครศรีฯ) /ป052,ป052,นครศรีธรรมราช,นครศรีธรรมราช
553,คุณวิรุฬห์,ประสิทธิ์เคมีการเกษตร,ป016,สงขลา,สงขลา
554,คุณวิรุฬห์,พรโลหะภัณฑ์,พ042,สงขลา,สงขลา
555,คุณวิรุฬห์,เพื่อนเกษตร(นครศรีฯ) /พ078,พ078,นครศรีธรรมราช,นครศรีธรรมราช
556,คุณกิตติพงษ์,92 ย่งเซี้ยง,ก009,เพชรบูรณ์,เพชรบูรณ์
557,คุณกิตติพงษ์,โชคประเสริฐ,ช023,อุทัยธานี,อุทัยธานี
558,คุณกิตติพงษ์,ประคองพานิช,ป022,ระยอง,ระยอง
559,คุณกิตติพงษ์,ประเสริฐ์ยนต์อาหลั่ย,ป006,พิจิตร,พิจิตร
560,คุณกิตติพงษ์,ภ.เกษตรภัณฑ์,ภ008,ฉะเชิงเทรา,ฉะเชิงเทรา
561,คุณวิรุฬห์,เมืองพลอยการไฟฟ้า(กาญจนบุรี) /ม015,ม015,กาญจนบุรี,กาญจนบุรี
562,คุณกิตติพงษ์,ส.ศิริยนต์อุปกรณ์เกษตร,ส028,อ่างทอง,อ่างทอง
563,คุณกิตติพงษ์,สมอทองเภสัช(เพชรบูรณ์) /ส018,ส018,เพชรบูรณ์,เพชรบูรณ์
564,คุณกิตติพงษ์,สิงห์โตทองรุ่งเรือง(นครสวรรค์) /ส150,ส150,นครสวรรค์,นครสวรรค์
565,คุณกิตติพงษ์,สุนันท์ พันธุ์ไม้-(เพชรบูรณ์) /ส194,ส194,เพชรบูรณ์,เพชรบูรณ์
566,คุณอรญา,แสงไทย(ตลาดสามชุก100ปี),ส186,สุพรรณบุรี,สุพรรณบุรี
567,บริษัท,คอสเปกซ์ จำกัด,ค057,สระบุรี,สระบุรี
568,บริษัท,งามสิริ แซ่ตั้ง,ง004,กทม.,กรุงเทพมหานคร
569,บริษัท,ปัญญภูมิ คอนสตรัตชั่น จำกัด /ป047,ป047,,
570,บริษัท,สถานบำเพ็ญตามรอยผู้รู้,ส173,นครสวรรค์,นครสวรรค์
571,คุณจักรพันธ์,จีจีเอส ซัพพลาย(สนง.ใหญ่)-(ขอนแก่น) /จ087,จ087,ขอนแก่น,ขอนแก่น
572,คุณจักรพันธ์,ท่าบ่อสมบูรณ์,ท067,หนองคาย,หนองคาย
573,คุณจักรพันธ์,ไทยสปีดแมชชีนเนอรี่ จำกัด(นครราชสีมา) /ท087,ท087,นครราชสีมา,นครราชสีมา
574,คุณจักรพันธ์,ไทยอาภรณ์,ท033,ศรีสะเกษ,ศรีสะเกษ
575,คุณจักรพันธ์,บิ๊กตงเฮง จำกัด,บ027,สกลนคร,สกลนคร
576,คุณจักรพันธ์,พันธ์ทวี คอร์ปอเรชั่น จำกัด(หนองบัวลำภู) /พ0692,พ0692,หนองบัวลำภู,หนองบัวลำภู
577,คุณจักรพันธ์,ไพบูลย์การเกษตร(ขอนแก่น) /พ100,พ100,ขอนแก่น,ขอนแก่น
578,คุณจักรพันธ์,ไพศาลเกษตรเคมี จำกัด(อุบลฯ) /พ072,พ072,อุบลราชธานี,อุบลราชธานี
579,คุณจักรพันธ์,วิเชียรการเกษตร(ภุชชงค์),ว0021,หนองคาย,หนองคาย
580,คุณจักรพันธ์,วิเชียรการเกษตร(หนองคาย) /ว002,ว0021,หนองคาย,หนองคาย
581,คุณจักรพันธ์,ศรีธานี(นครราชสีมา) /ศ008,ศ008,นครราชสีมา,นครราชสีมา
582,คุณวิรุฬห์,ปฐมอโศก-โรงปุ๋ยพลังแผ่นดิน(นครปฐม) /ป032,ป032,นครปฐม,นครปฐม
583,คุณอรญา,พัชราพร วงจันทา-(ปทุมธานี) /พ137,พ137,ปทุมธานี,ปทุมธานี
584,คุณอรญา,ดีเฮง(นนทบุรี) /ด031,ด031,นนทบุรี,นนทบุรี
585,คุณอรญา,ส.ชัยมงคลยนต์-กทม. /ส094,ส0942,กทม.,กรุงเทพมหานคร
586,คุณพิชัย,ตันติพงษ์ เทรดดิ้ง จำกัด(เชียงราย) /ต011,ต011,เชียงราย,เชียงราย
587,คุณพิชัย,ลูกเกษตร,ล024,น่าน,น่าน
588,คุณพิชัย,วออินเตอร์เทรด จำกัด,ว0662,กำแพงเพชร,กำแพงเพชร
589,คุณวิรุฬห์,ส.การช่าง(นครศรีฯ) /ส053,ส053,นครศรีธรรมราช,นครศรีธรรมราช
590,คุณวิรุฬห์,สวนยางงานทวี จำกัด(ภูเก็ต) /ส118,ส118,ภูเก็ต,ภูเก็ต
591,คุณวิรุฬห์,สุราษฎร์ไทยเจริญการเกษตร,ส047,สุราษฎร์ธานี,สุราษฎร์ธานี
592,คุณกิตติพงษ์,ดีจริงพานิช,ด003,ฉะเชิงเทรา,ฉะเชิงเทรา
593,คุณกิตติพงษ์,บีเอ็ม แอนด์ เบนซ์ ค้าวัสดุ,บ069,พระนครศรีอยุธยา,พระนครศรีอยุธยา
594,คุณกิตติพงษ์,พิชัยบางลาย,พ059,พิจิตร,พิจิตร
595,คุณกิตติพงษ์,อุดมการเกษตร,อ035,พิจิตร,พิจิตร
596,บริษัท,P.R INTERNATIONAL TRADING (BR NO.WU16985) /พ183,พ183,,
597,บริษัท,ดวงตะวัน พิมพ์ดี,ด019,นนทบุรี,นนทบุรี
598,บริษัท,ธนาคูณพัฒนา จำกัด /ธ008,ธ008,นนทบุรี,นนทบุรี
599,บริษัท,ธนาคูณพัฒนา จำกัด /ธ021,ธ021,นนทบุรี,นนทบุรี
600,บริษัท,บัญญัติ ปิ่นทองพันธ์,บ039,นนทบุรี,นนทบุรี
601,บริษัท,สดใส พิณวานิช /ส157,ส157,,
602,คุณจักรพันธ์,ก้าวหน้าเคมีภัณฑ์,ก020,ขอนแก่น,ขอนแก่น
603,คุณจักรพันธ์,เกษตรเกษม 69 (อุบลฯ) /ก095,ก095,อุบลราชธานี,อุบลราชธานี
604,คุณจักรพันธ์,เคพี การเกษตร29,ค009,ศรีสะเกษ,ศรีสะเกษ
605,คุณจักรพันธ์,ฉัตรกมล,ฉ021,บุรีรัมย์,บุรีรัมย์
606,คุณจักรพันธ์,เตียซุ่นเฮง,ต002,สกลนคร,สกลนคร
607,คุณจักรพันธ์,เพื่อนช่าง ปากช่อง(นครราชสีมา) /พ104,พ104,นครราชสีมา,นครราชสีมา
608,คุณจักรพันธ์,สันวังการเกษตร,ส135,หนองคาย,หนองคาย
609,คุณจักรพันธ์,สินเจริญ,ส007,ร้อยเอ็ด,ร้อยเอ็ด
610,คุณจักรพันธ์,แสงชัยพาณิชย์,ส087,อุดรธานี,อุดรธานี
611,คุณจักรพันธ์,หนองคูการเกษตร-(ศรีสะเกษ) /ห027,ห027,ศรีสะเกษ,ศรีสะเกษ
612,คุณจักรพันธ์,หนิง บ้านดอนแก้ว-(บึงกาฬ) /ห025,ห025,บึงกาฬ,บึงกาฬ
613,คุณอรญา,เกษมพันธ์ จงเจริญคุณวุฒิ-กทม /ก104,ก104,กทม.,กรุงเทพมหานคร
614,คุณอรญา,คิงส์ริช ซัพพลาย(กทม) /ค032,ค0322,กทม.,กรุงเทพมหานคร
615,คุณวิรุฬห์,เคเอ็น 9978 จำกัด(สนง.ใหญ่)-สมุทรสาคร /ค060,ค060,สมุทรสาคร,สมุทรสาคร
616,คุณอรญา,บ้านธนะสาร เซรามิค จำกัด(กทม) /บ045,บ0452,กทม.,กรุงเทพมหานคร
617,คุณอรญา,พรมมาคลังเกษตร จำกัด,พ136,กทม.,กรุงเทพมหานคร
618,คุณกิตติพงษ์,พีพี โกรท อินฟินิตี้ จำกัด,พ138,นครนายก,นครนายก
619,คุณกิตติพงษ์,มงคลชัย-(ปราจีนบุรี) /ม065,ม065,ปราจีนบุรี,ปราจีนบุรี
620,คุณกิตติพงษ์,ลำนารายณ์การเกษตร,ล007,ลพบุรี,ลพบุรี
621,คุณวิรุฬห์,เจ.เค.ซัพพลาย แอนด์ แมชชีนเนอรี่ จำกัด-สมุทรสาคร /จ0412,จ0412,สมุทรสาคร,สมุทรสาคร
622,คุณอรญา,เฉลิมชัย คุณธรรมลิขิต,ฉ006,กทม.,กรุงเทพมหานคร
623,คุณอรญา,ช่างคิด บ้านบัวทอง(นนทบุรี) /ช066,ช066,นนทบุรี,นนทบุรี
624,คุณอรญา,ไทยเปเปอร์คาร์ตอนส์ จำกัด /ท119,ท119,,
625,คุณอรญา,ปิติภัณฑ์ /ป007,ป007,กทม.,กรุงเทพมหานคร
626,คุณอรญา,ส.ฮาร์ดแวร์(นนทบุรี) /ส083,ส083,นนทบุรี,นนทบุรี
627,คุณอรญา,สราวุธ เพ็ชรมุข(กทม.) /ส160,ส160,กทม.,กรุงเทพมหานคร
628,คุณอรญา,อุบล การค้า,อ200,นนทบุรี,นนทบุรี
629,คุณพิชัย,กำแพงเพชรง่วนฮงหลี,ก015,กำแพงเพชร,กำแพงเพชร
630,คุณพิชัย,คนทำสวน,ค013,เชียงใหม่,เชียงใหม่
631,คุณพิชัย,โจ้ การค้า,จ088,เชียงใหม่,เชียงใหม่
632,คุณพิชัย,ดีท๊อป-น่าน /ด033,ด033,น่าน,น่าน
633,คุณพิชัย,ปัญญาการเกษตร จำกัด(สนญ.)-แพร่ /ป0171,ป0171,แพร่,แพร่
634,คุณพิชัย,พะเยาซีเมนต์บล็อค-พะเยา /พ184,พ184,พะเยา,พะเยา
635,คุณพิชัย,แพร่เกษตรพัฒนา(แพร่) /พ011,พ011,แพร่,แพร่
636,คุณพิชัย,มิลเลี่ยน ฟีลด์ส ออแกนิค ฟาร์ม โฮเทล สปอร์ตส /ม053,ม053,,
637,คุณพิชัย,วีระพันธุ์ไม้(เชียงราย) /ว014,ว014,เชียงราย,เชียงราย
638,คุณพิชัย,สวนสำราญ,ส027,เชียงใหม่,เชียงใหม่
639,คุณพิชัย,สายสวาท มณีรัตน์-เชียงราย /ส184,ส184,เชียงราย,เชียงราย
640,คุณพิชัย,อาลิ่ม,อ003,เชียงราย,เชียงราย
641,คุณวิรุฬห์,3 พี ซัพพลาย,ส165,ตรัง,ตรัง
642,คุณวิรุฬห์,เขาฝ้ายนานาภัณฑ์,ข008,นครศรีธรรมราช,นครศรีธรรมราช
643,คุณวิรุฬห์,บางกุ้งเกษตรภัณฑ์(2548)-(สุราษฎร์ธานี) /บ0162,บ0163,สุราษฎร์ธานี,สุราษฎร์ธานี
644,คุณวิรุฬห์,บางกุ้งเกษตรภัณฑ์(2548)-(สุราษฎร์ธานี) /บ0163,บ0163,สุราษฎร์ธานี,สุราษฎร์ธานี
645,คุณวิรุฬห์,เบย์คลังเกษตร,บ073,สตูล,สตูล
646,คุณวิรุฬห์,สัมฤทธิ์พาณิช-ประจวบฯ /ส195,ส195,ประจวบคีรีขันธ์,ประจวบคีรีขันธ์
647,คุณวิรุฬห์,ช.แสงฟ้าโลหะภัณฑ์,ช040,กาญจนบุรี,กาญจนบุรี
648,คุณอรญา,ทิพวรรณภัณฑ์,ท063,กาญจนบุรี,กาญจนบุรี
649,คุณกิตติพงษ์,ธนวัฒน์,ธ015,เพชรบูรณ์,เพชรบูรณ์
650,คุณกิตติพงษ์,นิเวศน์การเกษตร(ระยอง) /น008,น0081,ระยอง,ระยอง
651,คุณกิตติพงษ์,ศุภศศิน จำกัด (สนง),ก0101,เพชรบูรณ์,เพชรบูรณ์
652,บริษัท,ไทยเวนเดอร์ อินเตอร์เนชั่นแนล จำกัด,ท118,นครนายก,นครนายก
653,บริษัท,พรพิชัย คลังวิเชียร,พ175,นนทบุรี,นนทบุรี
654,บริษัท,อนันต์ บูชาบุพพาจารย์,อ1702,นนทบุรี,นนทบุรี
655,คุณจักรพันธ์,ตั้งถาวรฟาร์ม-(สุรินทร์) /ต046,ต046,สุรินทร์,สุรินทร์
656,คุณจักรพันธ์,อลงกรณ์,อ131,นครราชสีมา,นครราชสีมา
657,คุณกิตติพงษ์,K S ท่อพีวีซี(สระแก้ว) /ค040,ค0401,สระแก้ว,สระแก้ว
658,คุณวิรุฬห์,ไทยยนต์สตีล ฮาร์ดแวร์,ท120,นครปฐม,นครปฐม
659,คุณกิตติพงษ์,ใบบุญ 38,บ041,สระบุรี,สระบุรี
660,คุณอรญา,ไพโรจน์ ขาวเจริญ-กทม. /พ134,พ134,กทม.,กรุงเทพมหานคร
661,คุณอรญา,จันทร์ที ชาลีนิวัฒน์(อุทัยธานี) /จ063,จ063,อุทัยธานี,อุทัยธานี
662,คุณอรญา,บ้านใหม่ รุ่งเรือง จำกัด /บ074,บ074,นนทบุรี,นนทบุรี
663,คุณอรญา,ไบโอเทค ซิสเต็ม /บ072,บ072,นนทบุรี,นนทบุรี
664,คุณพิชัย,แดงรุ่งเรือง,ด037,เชียงใหม่,เชียงใหม่
665,คุณพิชัย,ตั้งชัยเฮง-น่าน /ช0471,ช0471,น่าน,น่าน
666,คุณพิชัย,ทวีศักดิ์การเกษตร,อ0861,เชียงใหม่,เชียงใหม่
667,คุณพิชัย,ทุ่งน้าวการเกษตร(แพร่) /ท081,ท081,แพร่,แพร่
668,คุณพิชัย,พรพรรณค้าวัสดุ,พ139,เชียงใหม่,เชียงใหม่
669,คุณพิชัย,ภูเพียงปศุสัตว์ฟาร์ม,ภ007,น่าน,น่าน
670,คุณพิชัย,โฮมซีดส์ จำกัด-เชียงใหม่ /ฮ017,ฮ017,เชียงใหม่,เชียงใหม่
671,คุณวิรุฬห์,พิจิตรป่าละอู(ประจวบฯ) /พ055,พ055,ประจวบคีรีขันธ์,ประจวบคีรีขันธ์
672,คุณวิรุฬห์,สมบูรณ์,ส077,พัทลุง,พัทลุง
673,คุณกิตติพงษ์,เกษตรเกษม,ก043,ชลบุรี,ชลบุรี
674,คุณกิตติพงษ์,ช.รุ่งแสง คอนสตรัคชั่น จำกัด /ช062,ช062,นนทบุรี,นนทบุรี
675,คุณกิตติพงษ์,รัฐวัฒนา,ร056,เพชรบูรณ์,เพชรบูรณ์
676,บริษัท,จรัญ สีบุตรา(พิษณุโลก) /จ064,จ064,พิษณุโลก,พิษณุโลก
677,บริษัท,ธนาคูณกรุงเทพ (2001) จำกัด,ธ003,กทม.,กรุงเทพมหานคร
678,คุณจักรพันธ์,ชนะเชิด สิงหมาตร,ช070,กาฬสินธุ์,กาฬสินธุ์
679,คุณจักรพันธ์,บ้านจอมพล,บ075,สุรินทร์,สุรินทร์
680,คุณจักรพันธ์,วุฒินันท์ นันทพันธ์-(บุรีรัมย์) /ว073,ว073,บุรีรัมย์,บุรีรัมย์
681,คุณจักรพันธ์,วุฒิภัณฑ์การเกษตร,ว010,มุกดาหาร,มุกดาหาร
682,คุณจักรพันธ์,สมนึก เทือกชัยคำ(นครราชสีมา) /ส044,ส044,นครราชสีมา,นครราชสีมา
683,คุณอรญา,จิตตานันท์ ผึ่งผาย /จ075,จ075,,
684,คุณอรญา,ต.แสงรุ่งเรือง,ต022,กทม.,กรุงเทพมหานคร
685,คุณวิรุฬห์,โทเทิล บิลดิ้ง โปรดักส์ จำกัด (นครปฐม) /ท078,ท078,นครปฐม,นครปฐม
686,คุณกิตติพงษ์,ธีร์-ธาม มาร์เก็ตติ้ง-(สระบุรี) /ภ0112,ภ0112,สระบุรี,สระบุรี
687,คุณจักรพันธ์,พิชามญชุ์ บัวเจริญ(ปทุมธานี) /พ116,พ116,ปทุมธานี,ปทุมธานี
688,คุณอรญา,วัดพระธรรมกาย,ว072,ปทุมธานี,ปทุมธานี
689,คุณอรญา,ศิริชาย,ศ046,กทม.,กรุงเทพมหานคร
690,คุณวิรุฬห์,อภิวัฒน์ โภคสมบัติ-สมุทรสาคร /อ128,อ128,สมุทรสาคร,สมุทรสาคร
691,คุณอรญา,เอส ซีจี แสงเจริญกรุ๊ป(กทม) /อ0391,อ0391,กทม.,กรุงเทพมหานคร
692,คุณฐาปนี,คงสวัสดิ์ ซัพพลาย จำกัด(กรุงเทพฯ) /ค0145,ค0145,กทม.,กรุงเทพมหานคร
693,คุณอรญา,น้ำเพชร ต้นไม้ซิ่ง(นนทบุรี) /น035,น035,นนทบุรี,นนทบุรี
694,คุณอรญา,พิพัฒนกิจเทรดดิ้ง จำกัด /พ117,พ117,กทม.,กรุงเทพมหานคร
695,คุณอรญา,โฟลเทคซีดส์ จำกัด,ฟ003,ลำปาง,ลำปาง
696,คุณพิชัย,ธนาสันต์ โฆษิตประเสริฐ-พิษณุโลก /ธ047,ธ047,พิษณุโลก,พิษณุโลก
697,คุณพิชัย,ธัญมนการเกษตร(เชียงราย) /ธ040,ธ040,เชียงราย,เชียงราย
698,คุณพิชัย,พันธุ์เจริญ(ลำปาง) /พ007,พ007,ลำปาง,ลำปาง
699,คุณพิชัย,ศรีสุนทร,ศ013,น่าน,น่าน
700,คุณวิรุฬห์,ไก่การเกษตร,ก103,พัทลุง,พัทลุง
701,คุณวิรุฬห์,เรี่ยวรุ่งโรจน์(นครศรีฯ) /ร036,ร036,นครศรีธรรมราช,นครศรีธรรมราช
702,คุณกิตติพงษ์,ต.แสงเจริญ,ต014,ระยอง,ระยอง
703,คุณกิตติพงษ์,เพื่อนเกษตร(อุทัยธานี) /พ028,พ028,อุทัยธานี,อุทัยธานี
704,บริษัท,วาย เจ เอช แมชชีนเนอรี่ จำกัด-กรุงเทพฯ /ว071,ว071,กทม.,กรุงเทพมหานคร
705,บริษัท,หาญชัย เดชคุ้ม /ห026,ห026,นนทบุรี,นนทบุรี
706,คุณจักรพันธ์,3เอส คอมเมอร์เชียล (2015),ส164,นครราชสีมา,นครราชสีมา
707,คุณจักรพันธ์,นาโนนค้าปุ๋ย,น025,บึงกาฬ,บึงกาฬ
708,คุณจักรพันธ์,ปักกีอุปกรณ์,ป066,อุดรธานี,อุดรธานี
709,คุณจักรพันธ์,ว่านใหญ่อินเตอร์ไพรส์-(มุกดาหาร) /ว074,ว074,มุกดาหาร,มุกดาหาร
710,คุณอรญา,มั่นคงวัสดุก่อสร้าง,ม067,กทม.,กรุงเทพมหานคร
711,คุณอรญา,กู๊ดชัวร์ เกทเวย์(หว่าหวา ช็อป)จำกัด,ก100,นนทบุรี,นนทบุรี
712,คุณอรญา,บัญชา กุลสิงห์(นนทบุรี) /บ065,บ065,นนทบุรี,นนทบุรี
713,คุณอรญา,เมเจอร์ฟาร์ คอร์ปอเรชั่น จำกัด /ม055,ม055,กทม.,กรุงเทพมหานคร
714,คุณพิชัย,เชียงใหม่มณชัยพาณิชย์(เชียงใหม่) /ช029,ช029,เชียงใหม่,เชียงใหม่
715,คุณพิชัย,นพดลแพร่โฮม-แพร่ /น051,น051,แพร่,แพร่
716,คุณพิชัย,นานาภัณฑ์(น่าน) /น001,น001,น่าน,น่าน
717,คุณวิรุฬห์,เกษตรสำราญ,ก106,สงขลา,สงขลา
718,คุณกิตติพงษ์,เกษตรสุขใจ-(อุทัยธานี) /ก115,ก115,อุทัยธานี,อุทัยธานี
719,บริษัท,ธนาคูณอินเตอร์เนชั่นแนล จำกัด /ธ007,ธ007,นนทบุรี,นนทบุรี
720,บริษัท,เอ็ม จี เทคกรุ๊ฟ จำกัด(กรุงเทพฯ) /อ015,อ015,กทม.,กรุงเทพมหานคร
721,คุณจักรพันธ์,เปมิกา พาณิชย์,ป064,ยโสธร,ยโสธร
722,คุณกิตติพงษ์,ทรัพย์รุ่งเรืองวัสดุภัณฑ์-(สระบุรี) /ท123,ท123,สระบุรี,สระบุรี
723,คุณอรญา,ดีเด่นเฟอร์นิเจอร์,ด020,นนทบุรี,นนทบุรี
724,คุณอรญา,นพเก้าวัสดุภัณฑ์(นนทบุรี) /น040,น040,นนทบุรี,นนทบุรี
725,คุณพิชัย,เจริญสุข,จ066,เชียงใหม่,เชียงใหม่
726,คุณพิชัย,น่าน-แพร่การเกษตร,น019,น่าน,น่าน
727,คุณพิชัย,นิว เวิลด์ อะโกร โพรดักส์,น037,เชียงใหม่,เชียงใหม่
728,คุณพิชัย,พัฒนศักดิ์การค้า-กำแพงเพชร /พ129,พ129,กำแพงเพชร,กำแพงเพชร
729,คุณกิตติพงษ์,ท่อเกษตรไทยตะวันออก,ท115,ระยอง,ระยอง
730,คุณกิตติพงษ์,มงคลคูลทวี(ตราด) /ม038,ม038,ตราด,ตราด
731,คุณกิตติพงษ์,สายฟ้า,ส196,นครสวรรค์,นครสวรรค์
732,คุณจักรพันธ์,ชำนาญการเกษตร(สกลนคร) /ช006,ช006,สกลนคร,สกลนคร
733,คุณจักรพันธ์,ไทยสมบูรณ์(ขอนแก่น) /ท076,ท076,ขอนแก่น,ขอนแก่น
734,คุณจักรพันธ์,บัลลังก์วัสดุ,บ062,อุดรธานี,อุดรธานี
735,คุณวิรุฬห์,กินใจ จำกัด(สมุทรสาคร) /ก083,ก083,สมุทรสาคร,สมุทรสาคร
736,คุณอรญา,ชาดา ซีวิล จำกัด,ช0682,กทม.,กรุงเทพมหานคร
737,คุณกิตติพงษ์,ศิริชัย,ศ018,สระแก้ว,สระแก้ว
738,คุณอรญา,สุธาทิพย์ คำโสกเชือก-ปทุมธานี /ส188,ส188,ปทุมธานี,ปทุมธานี
739,คุณอรญา,เอส.พี.จี.ฮาร์ดแวร์,อ050,กทม.,กรุงเทพมหานคร
740,คุณอรญา,ทรัพย์อรุณวัสดุ,ท027,นนทบุรี,นนทบุรี
741,คุณฐาปนี,ออลไรส์ คอมเมิร์ซ จำกัด(กทม.) /ป0603,ป0603,กทม.,กรุงเทพมหานคร
742,คุณพิชัย,เชียงรายแลนด์ แอสโซซิเอทส์ จำกัด(เชียงราย) /ช0561,ช0563,เชียงราย,เชียงราย
743,คุณพิชัย,ทิพย์เกษตร 168-แพร่ /ท124,ท124,แพร่,แพร่
744,คุณพิชัย,นิรันด์ อาชาบุญญาวิศิษฏ์,น052,น่าน,น่าน
745,คุณพิชัย,หล่อวิเชียร,ห020,ลำปาง,ลำปาง
746,คุณอรญา,เงินสด,ง001,นนทบุรี,นนทบุรี
747,คุณกิตติพงษ์,จินอาโอสถ(เพชรบูรณ์) /จ062,จ062,เพชรบูรณ์,เพชรบูรณ์
748,คุณวิรุฬห์,เจ๊ง๊อ,จ047,กาญจนบุรี,กาญจนบุรี
749,คุณวิรุฬห์,ไทยเจริญอุปกรณ์(กาญฯ) /ท070,ท070,กาญจนบุรี,กาญจนบุรี
750,คุณอรญา,พิชาญพัสสุ์ สุวรรณสิทธิคชา,พ135,สุพรรณบุรี,สุพรรณบุรี
751,คุณกิตติพงษ์,แสงทอง 2000,ส019,เพชรบูรณ์,เพชรบูรณ์
752,บริษัท,ยุวดี วิรัตน์ชัยมงคล /ย020,ย020,นนทบุรี,นนทบุรี
753,บริษัท,สี่กรัตพันธุ์ไม้,ส197,นครศรีธรรมราช,นครศรีธรรมราช
754,คุณจักรพันธ์,คลังเกษตร,ค012,อุบลราชธานี,อุบลราชธานี
755,คุณกิตติพงษ์,มหาเฮงเคมีเกษตรภัณฑ์,ม069,สระบุรี,สระบุรี
756,คุณอรญา,ศราวุธ ทาเหล็ก /ศ022,ศ022,พิษณุโลก,พิษณุโลก
757,คุณกิตติพงษ์,อ.พานิช(สระบุรี) /อ023,อ023,สระบุรี,สระบุรี
758,คุณวิรุฬห์,เคเอสมาร์เก็ตติ้ง 2014 จำกัด(นครปฐม) /ค016,ค016,นครปฐม,นครปฐม
759,คุณอรญา,พรหมสิน พี.เอส.ซี.จำกัด-กรุงเทพฯ /พ132,พ132,กทม.,กรุงเทพมหานคร
760,คุณพิชัย,กระต่ายเครื่องมือช่าง(น่าน) /ก082,ก082,น่าน,น่าน
761,คุณพิชัย,เกษตร 2000,ก014,กำแพงเพชร,กำแพงเพชร
762,คุณพิชัย,เชียงรายแลนด์ ซีเมนต์บล็อก จำกัด(เชียงราย) /ช0563,ช0563,เชียงราย,เชียงราย
763,คุณพิชัย,มีโชคการเกษตร,ม068,กำแพงเพชร,กำแพงเพชร
764,คุณกิตติพงษ์,กิมแซอาหลั่ย(เพชรบูรณ์) /ก010,ก010,เพชรบูรณ์,เพชรบูรณ์
765,คุณกิตติพงษ์,ยนต์เสรีการเกษตร(เพชรบูรณ์) /ย001,ย001,เพชรบูรณ์,เพชรบูรณ์
766,คุณพิชัย,รุ่งเรือง-(ตาก) /ร061,ร061,ตาก,ตาก
767,คุณกิตติพงษ์,สุรินทร์ฮาร์ดแวร์(นครสวรรค์) /ส049,ส049,นครสวรรค์,นครสวรรค์
768,บริษัท,งามจิต แซ่ตั้ง,ง003,นนทบุรี,นนทบุรี
769,คุณจักรพันธ์,ธนาทรัพย์ ธาตุพนม,ธ048,นครพนม,นครพนม
770,คุณจักรพันธ์,อ.ยิ่งเจริญการเกษตร-(อุดรธานี) /อ127,อ127,อุดรธานี,อุดรธานี
771,คุณอรญา,กานดา อพาร์ทเม้นท์ จำกัด,ก116,ปทุมธานี,ปทุมธานี
772,คุณฐาปนี,เงินสด,ง001,นนทบุรี,นนทบุรี
773,คุณวิรุฬห์,วิคทอเรีย เทรดดิ้ง จำกัด,ว075,สมุทรสาคร,สมุทรสาคร
774,คุณพิชัย,วิโรจน์การเกษตร,ว076,น่าน,น่าน
775,คุณพิชัย,อภิญญา-เลย /อ0331,อ0331,เลย,เลย
776,คุณวิรุฬห์,ตันติวัฒน์เกษตรภัณฑ์(นครศรีฯ) /ต042,ต042,นครศรีธรรมราช,นครศรีธรรมราช
777,คุณวิรุฬห์,รัตภูมิ การเกษตร,ร068,สงขลา,สงขลา
778,คุณกิตติพงษ์,รพินทร์เกษตร(จันทบุรี) /ร052,ร052,จันทบุรี,จันทบุรี
779,คุณกิตติพงษ์,สหะชัยท่อน้ำ,ส030,จันทบุรี,จันทบุรี
780,คุณวิรุฬห์,เอกพรรณการเกษตร 2019 จำกัด(กาญจนบุรี) /อ1052,อ1052,กาญจนบุรี,กาญจนบุรี
781,คุณจักรพันธ์,กวงฮะเคมีเกษตร จำกัด,ก117,สุรินทร์,สุรินทร์
782,คุณจักรพันธ์,เกษตรภัณฑ์,ก021,สุรินทร์,สุรินทร์
783,คุณจักรพันธ์,พี เอส วาย การเกษตร,พ016,ขอนแก่น,ขอนแก่น
784,คุณจักรพันธ์,ฟาร์มเห็ดวาสนา,ฟ009,หนองบัวลำภู,หนองบัวลำภู
785,คุณจักรพันธ์,รวมการเกษตร,ร069,นครราชสีมา,นครราชสีมา
786,คุณจักรพันธ์,รวมเกษตร,ร005,หนองคาย,หนองคาย
787,คุณจักรพันธ์,รวมเกษตร,ร005,สุรินทร์,สุรินทร์
788,คุณจักรพันธ์,เอ็น อาร์ เทรดดิ้ง 2018,อ0982,นครพนม,นครพนม
789,คุณอรญา,วี เอ็น โปรดักส์,ว069,นนทบุรี,นนทบุรี
790,คุณวิรุฬห์,อภิชาติ จันทร์โต,อ138,สมุทรสาคร,สมุทรสาคร
791,คุณอรญา,กู๊ดไอเดีย วอเตอร์ ซิสเต็ม,ก068,เชียงราย,เชียงราย
792,คุณพิชัย,เจริญพานิช,จ023,อุตรดิตถ์,อุตรดิตถ์
793,คุณพิชัย,ป.ชัยยนต์,ป015,เชียงใหม่,เชียงใหม่
794,คุณวิรุฬห์,มิตรเกษตร,ม030,เชียงใหม่,เชียงใหม่
795,คุณพิชัย,อู๋ฟิชชิ่ง,อ137,น่าน,น่าน
796,คุณพิชัย,เอ็ม เอ็น,อ1171,เชียงใหม่,เชียงใหม่
797,คุณพิชัย,เอส ที เซ็นเตอร์ กรุ๊ป,อ190,เชียงใหม่,เชียงใหม่
798,คุณวิรุฬห์,เซเว่นซี ค้าส่ง จำกัด สาขาที่ 00002,ซ0075,พังงา,พังงา
799,คุณวิรุฬห์,ที เอส โลหะกิจ,ท125,สงขลา,สงขลา
800,คุณจักรพันธ์,เพื่อนเกษตร,พ001,นครศรีธรรมราช,นครศรีธรรมราช
801,คุณวิรุฬห์,เอส เจ มัลติ โปรดักส์ จำกัด(นครศรีธรรมราช) /ส1982,ส1982,นครศรีธรรมราช,นครศรีธรรมราช
802,คุณจักรพันธ์,เกษตรภัณฑ์,ก021,สุพรรณบุรี,สุพรรณบุรี
803,คุณพิชัย,รุ่งเรือง,ร061,ตาก,ตาก
804,คุณวิรุฬห์,สยาม บิลด์อิท จำกัด,ส136,กาญจนบุรี,กาญจนบุรี
805,คุณกิตติพงษ์,สวนครูพรรณี สหเจริญ,ส146,จันทบุรี,จันทบุรี
806,คุณกิตติพงษ์,สิงห์โตทองรุ่งเรือง,ส150,นครสวรรค์,นครสวรรค์
807,คุณกิตติพงษ์,เกียร์ ทูลส์ (2023),ท0062,สระบุรี,สระบุรี
808,คุณวิรุฬห์,ฐานลาภ(นครปฐม) /ฐ002,ฐ002,นครปฐม,นครปฐม
809,คุณวิรุฬห์,โตวัน ทรานสปอร์ต จำกัด-(นครปฐม) /ต044,ต044,นครปฐม,นครปฐม
810,คุณอรญา,ปวเรศ ธีระชาติ,พ0031,ปทุมธานี,ปทุมธานี
811,คุณวิรุฬห์,พงษ์เชียงทอง พลาสติกเน็ทติ้ง จำกัด(สมุทรสาคร/กทม) /พ0122,พ0122,สมุทรสาคร,สมุทรสาคร
812,คุณพิชัย,กีรตยามิตรเกษตร,ก118,น่าน,น่าน
813,คุณพิชัย,พอเพียงการเกษตร-(เชียงใหม่) /พ122,พ122,เชียงใหม่,เชียงใหม่
814,คุณวิรุฬห์,วาณิชย์,ว016,สุราษฎร์ธานี,สุราษฎร์ธานี
815,คุณวิรุฬห์,ไทยเจริญโลหะภัณฑ์(กาญจนบุรี) /ท018,ท018,กาญจนบุรี,กาญจนบุรี
816,บริษัท,ณัฐดนัย วิชัยดิษฐ,ณ0141,สุราษฎร์ธานี,สุราษฎร์ธานี
817,บริษัท,ณัฐพัชญ์ ธนชาญวิศิษฐ์ (กทม.) /ณ006,ณ006,กทม.,กรุงเทพมหานคร
818,บริษัท,พิชัย สัมมาลา /พ140,พ140,นนทบุรี,นนทบุรี
819,คุณจักรพันธ์,ฉัตรวัฒนา-(มหาสารคาม) /ฉ007,ฉ007,มหาสารคาม,มหาสารคาม
820,คุณจักรพันธ์,ไชโย,ช071,ร้อยเอ็ด,ร้อยเอ็ด
821,คุณจักรพันธ์,บัลลังก์ ทูลล์,บ077,อุดรธานี,อุดรธานี
822,คุณฐาปนี,บี.พี.ฟิวเจอร์ซีด-(อุดรธานี) /บ078,บ078,อุดรธานี,อุดรธานี
823,คุณจักรพันธ์,ส.เคมีภัณฑ์,ส036,หนองบัวลำภู,หนองบัวลำภู
824,คุณวิรุฬห์,ดีไอที โฮมโปรดักส์ จำกัด,ด038,สมุทรสาคร,สมุทรสาคร
825,คุณพิชัย,พานวัธนะกิจ จำกัด,พ066,เชียงราย,เชียงราย
826,คุณวิรุฬห์,ทับสะแกค้าปุ๋ย จำกัด-ประจวบฯ /ท126,ท126,ประจวบคีรีขันธ์,ประจวบคีรีขันธ์
827,คุณกิตติพงษ์,เค.พี.พี.ฮาร์ดแวร์ จำกัด(ชลบุรี) /ค061,ค061,ชลบุรี,ชลบุรี
828,คุณจักรพันธ์,ต๋องไทยเจริญเกษตร-(บุรีรัมย์) /ต047,ต047,บุรีรัมย์,บุรีรัมย์
829,คุณจักรพันธ์,ทรัพย์สินการเกษตร,ท029,ยโสธร,ยโสธร
830,คุณอรญา,บิ๊ก ไฟว์ แมชีนเนอรี่ จำกัด-(กทม.) /บ079,บ079,กทม.,กรุงเทพมหานคร
831,บริษัท,กนิษฐาพลาสติก จำกัด-นนทบุรี /ก141,ก141,นนทบุรี,นนทบุรี
832,คุณจักรพันธ์,ศรีสะเกษเกษตรกรรมยั่งยืน จำกัด,ศ047,ศรีสะเกษ,ศรีสะเกษ
833,คุณกิตติพงษ์,บ้านสวนเกษตร,บ081,สระแก้ว,สระแก้ว
834,คุณอรญา,ภานกฤตทอรี่ จำกัด,ภ029,กทม.,กรุงเทพมหานคร
835,คุณอรญา,สามารถ สุริฉาย,ส199,กทม.,กรุงเทพมหานคร
836,คุณพิชัย,รัตนะกิจ(เชียงราย) /ร016,ร016,เชียงราย,เชียงราย
837,คุณวิรุฬห์,เซเว่นซี ค้าส่ง จำกัด สาขาที่ 00001-ตรัง /ซ0074,ซ0075,ตรัง,ตรัง
838,คุณวิรุฬห์,บันไทยการเกษตร-กระบี่ /บ080,บ080,กระบี่,กระบี่
839,คุณวิรุฬห์,ปราณนานาภัณฑ์(ประจวบฯ) /ป004,ป004,ประจวบคีรีขันธ์,ประจวบคีรีขันธ์
840,คุณกิตติพงษ์,ตี๋ วัดโพธิ์-(นครสววรค์) /ต048,ต048,นครสวรรค์,นครสวรรค์
841,คุณกิตติพงษ์,องศาการเกษตร-(เพชรบูรณ์) /อ139,อ1392,เพชรบูรณ์,เพชรบูรณ์
842,บริษัท,เอกศิริโฮมเดคคอร์เรชั่น จำกัด-กทม. /อ140,อ140,กทม.,กรุงเทพมหานคร
843,คุณจักรพันธ์,วิชาญเภสัช-(บุรีรัมย์) /ว077,ว077,บุรีรัมย์,บุรีรัมย์
844,คุณกิตติพงษ์,เม้งเจริญวัสดุก่อสร้าง 2021,ม0414,สระบุรี,สระบุรี
845,คุณอรญา,ฐาปนี ศุภศิริสินธุ์ /ฐ004,ฐ004,กทม.,กรุงเทพมหานคร
846,คุณอรญา,แฟนชาย,ฟ015,นนทบุรี,นนทบุรี
847,คุณอรญา,วีรดา อนันต์โชติวิรุฬห์,ว078,นนทบุรี,นนทบุรี
848,คุณพิชัย,กำจร วงค์วุฒิ-เชียงใหม่ /ก119,ก119,เชียงใหม่,เชียงใหม่
849,คุณพิชัย,ศุภลักษณ์-เชียงราย /ศ048,ศ048,เชียงราย,เชียงราย
850,คุณพิชัย,สวนพิริตาไร่ภูริพัฒน์ จำกัด-พิษณุโลก /ส200,ส200,พิษณุโลก,พิษณุโลก
851,คุณวิรุฬห์,ป้อมเกษตรภัณฑ์,ป028,สุราษฎร์ธานี,สุราษฎร์ธานี
852,บริษัท,มูลนิธิ หลวงตาน้อย /ม045,ม045,นนทบุรี,นนทบุรี
853,คุณจักรพันธ์,เพื่อนเกษตร,พ001,อุทัยธานี,อุทัยธานี
854,คุณอรญา,ศิริบุญอินเตอร์พลาส จำกัด,ศ0402,สมุทรปราการ,สมุทรปราการ
855,คุณวิรุฬห์,มิตรเกษตร,ม030,ระนอง,ระนอง
856,คุณวิรุฬห์,แก้วทีวี การไฟฟ้า สาขา 3,ก105,กระบี่,กระบี่
857,คุณวิรุฬห์,เซเว่นซี ค้าส่ง จำกัด สาขาที่ 00002,ซ0075,พังงา,พังงา
858,คุณกิตติพงษ์,ภูมิภูมิพัฒน์ กรุ๊ป,อ1392,เพชรบูรณ์,เพชรบูรณ์
859,บริษัท,เอ็มเอกซ์ที จีโอ โพรเทคชั่น,อ1192,ลำพูน,ลำพูน
860,คุณจักรพันธ์,บุญกอง บุตธิจักร,บ082,อำนาจเจริญ,อำนาจเจริญ
861,คุณจักรพันธ์,ป๋อง พารา ปากคาด-(บึงกาฬ) /ป067,ป067,บึงกาฬ,บึงกาฬ
862,คุณจักรพันธ์,รวมเกษตรบึงกาฬ-(บึงกาฬ) /ร070,ร070,บึงกาฬ,บึงกาฬ
863,คุณกิตติพงษ์,จันทร์จิราการเกษตร-(สระแก้ว) /จ089,จ089,สระแก้ว,สระแก้ว
864,คุณอรญา,ราชาเต็นท์,ร053,นนทบุรี,นนทบุรี
865,คุณอรญา,ณพวัชร ภู่อมร(นนทบุรี) /ณ009,ณ009,นนทบุรี,นนทบุรี
866,คุณอรญา,ภัชโสภณไปป์ จำกัด-กทม. /ส0942,ส0942,กทม.,กรุงเทพมหานคร
867,คุณพิชัย,เอ็ม แอนด์ ซี อีควิปเม้น จำกัด,อ141,กำแพงเพชร,กำแพงเพชร
868,คุณวิรุฬห์,ภาสกรเกษตรภัณฑ์ จำกัด,ภ031,ชุมพร,ชุมพร
869,คุณวิรุฬห์,ส.พาณิชย์ ทุ่งยาว,ส201,ตรัง,ตรัง
870,คุณกิตติพงษ์,T-One Home,ท127,เพชรบูรณ์,เพชรบูรณ์
871,คุณกิตติพงษ์,สมยศ อินทร์ภูวงษ์-(กทม.) /ส202,ส202,กทม.,กรุงเทพมหานคร
872,คุณวิรุฬห์,สยามรุ่งเรืองโลหะภัณฑ์-(กาญจนบุรี) /ส203,ส203,กาญจนบุรี,กาญจนบุรี
873,บริษัท,ภัทรารีย์ ชูโต,ภ030,นนทบุรี,นนทบุรี
874,บริษัท,วิชุดา ลีลารุ่งโรจน์,ว079,กทม.,กรุงเทพมหานคร
875,คุณจักรพันธ์,วรวุฒ ปทุมรัตน์,ว080,อุบลราชธานี,อุบลราชธานี
876,คุณอรญา,เฉลิมชัยค้าวัสดุ,ฉ005,กทม.,กรุงเทพมหานคร
877,คุณอรญา,พอเพียง เทคโนโลยี จำกัด (สำนักงานใหญ่),พ088,นนทบุรี,นนทบุรี
878,คุณอรญา,สมบัติการค้า,ส205,นนทบุรี,นนทบุรี
879,คุณอรญา,สุริยา ไชยชนะ,ส204,นนทบุรี,นนทบุรี
880,คุณพิชัย,พ.การเกษตร,พ186,กำแพงเพชร,กำแพงเพชร
881,คุณพิชัย,สุรัตน์,ส206,กำแพงเพชร,กำแพงเพชร
882,คุณวิรุฬห์,เซเว่นซี ค้าส่ง จำกัด (สนญ.),ซ0075,สงขลา,สงขลา
883,คุณวิรุฬห์,ไตรแพค อินเตอร์เทรด จำกัด,ต0432,สงขลา,สงขลา
884,คุณกิตติพงษ์,พานิชการ(ตราด) /พ049,พ049,ตราด,ตราด
885,คุณกิตติพงษ์,ภูมิพัฒน์ จันทกุล,ภ032,ฉะเชิงเทรา,ฉะเชิงเทรา
886,คุณอรญา,เอ็น พี เค โปรดักส์ จำกัด-(สุพรรณบุรี) /อ142,อ142,สุพรรณบุรี,สุพรรณบุรี
887,บริษัท,กอล์ฟอีสท์ จำกัด,ก065,พระนครศรีอยุธยา,พระนครศรีอยุธยา
888,บริษัท,มีมิตร ดีเวลลอปเม้นท์ จำกัด,ม0442,กาญจนบุรี,กาญจนบุรี
889,บริษัท,รจนา เฮ้าส์ซิ่ง จำกัด,ร054,กทม.,กรุงเทพมหานคร
890,คุณจักรพันธ์,พรพิศาลค้าส่ง,พ142,มหาสารคาม,มหาสารคาม
891,คุณวิรุฬห์,ปฐมอโศก,ป032,นครปฐม,นครปฐม
892,คุณอรญา,โสภณพลาสติก จำกัด,ส207,สมุทรปราการ,สมุทรปราการ
893,คุณอรญา,อี.ที.เจม ฮาร์ดแวร์,อ203,กทม.,กรุงเทพมหานคร
894,คุณพิชัย,กุ่ยพานิช,ก060,สุโขทัย,สุโขทัย
895,คุณพิชัย,ลัดดาวัลย์ การ์เด้น,ล037,ลำปาง,ลำปาง
896,คุณอรญา,ธัญธนาพาณิชย์,ธ049,สุพรรณบุรี,สุพรรณบุรี
897,คุณจักรพันธ์,นิติพัฒน์ จงจรูญชินเลิศ-(มหาสารคาม) /น053,น053,มหาสารคาม,มหาสารคาม
898,คุณอรญา,สยาม เกรท-เทค กู๊ดส์ จำกัด-นนทบุรี /ส208,ส208,นนทบุรี,นนทบุรี
899,คุณพิชัย,เอ็ม อาร์ เอช เทรดดิ้ง จำกัด /อ202,อ202,เชียงใหม่,เชียงใหม่
900,คุณวิรุฬห์,เอิรท คิว เคมซีดส์-(ราชบุรี) /อ143,อ143,ราชบุรี,ราชบุรี
901,บริษัท,งานเกษตรกำแพงแสน,ง005,นครปฐม,นครปฐม
902,คุณจักรพันธ์,เพชรพลาซ่า(ขอนแก่น) /พ143,พ143,ขอนแก่น,ขอนแก่น
903,คุณวิรุฬห์,กิ่งกาญจน์ จิระสกุลไทย-(นครปฐม) /ก121,ก121,นครปฐม,นครปฐม
904,คุณจักรพันธ์,เกษตรภัณฑ์,ก021,สงขลา,สงขลา
905,คุณวิรุฬห์,เซเว่นซี ค้าส่ง จำกัด สาขาที่ 00002,ซ0073,ตรัง,ตรัง
906,คุณอรญา,ฮุ้งเซ้งการเกษตร จำกัด(สุพรรณบุรี) /ฮ013,ฮ013,สุพรรณบุรี,สุพรรณบุรี
907,บริษัท,จารุวรรณ ทำเสื้อทำสวน-กรุงเทพฯ /จ090,จ090,กทม.,กรุงเทพมหานคร
908,บริษัท,วาสนา อยู่ประจำ,ว063,นนทบุรี,นนทบุรี
909,บริษัท,ศรีอารยะเทพ จำกัด,ศ004,กทม.,กรุงเทพมหานคร
910,คุณกิตติพงษ์,พี.พี.คอนกรีตโปรดัคท์(สระแก้ว) /พ144,พ144,สระแก้ว,สระแก้ว
911,คุณกิตติพงษ์,พีดีเกษตร(ลพบุรี) /พ141,พ141,ลพบุรี,ลพบุรี
912,คุณจักรพันธ์,ไทยสามัคคี,ท001,สกลนคร,สกลนคร
913,คุณพิชัย,กิจนครค้าไม้(เชียงราย) /ก142,ก142,เชียงราย,เชียงราย
914,คุณพิชัย,ต.การเกษตร,ต037,อุตรดิตถ์,อุตรดิตถ์
915,คุณพิชัย,นับพระพรการค้า(แม่ฮ่องสอน) /น020,น020,แม่ฮ่องสอน,แม่ฮ่องสอน
916,คุณพิชัย,เอส แอนด์ ดับบลิว ซัพพลาย(พิษณุโลก) /ส1772,ส1772,พิษณุโลก,พิษณุโลก
917,คุณวิรุฬห์,ช.เกษตรภัณฑ์ (ลานข่อย)(พัทลุง) /ช072,ช072,พัทลุง,พัทลุง
918,คุณวิรุฬห์,ตฤณภัทร จำกัด(ระนอง) /ต0362,ต0362,ระนอง,ระนอง
919,คุณวิรุฬห์,บางกล่ำการเกษตร จำกัด(สงขลา) /บ083,บ083,สงขลา,สงขลา
920,คุณวิรุฬห์,สาม.เอ็น. เกษตรกลการ(ตรัง) /ส209,ส209,ตรัง,ตรัง
921,คุณวิรุฬห์,เอส พี ซัพพลาย,ศ0381,สงขลา,สงขลา
922,คุณอรญา,บ้านเกษตร (นนทบุรี),บ023,พิจิตร,พิจิตร
923,คุณอรญา,เพชรตระกูล อุตสาหกรรม,พ131,กทม.,กรุงเทพมหานคร
924,คุณอรญา,ส.โฮมมาร์ท(นนทบุรี) /ส210,ส210,นนทบุรี,นนทบุรี
925,บริษัท,P.E.HOUSE(สุราษฏร์ธานี) /ณ0141,ณ0141,สุราษฎร์ธานี,สุราษฎร์ธานี
926,คุณกิตติพงษ์,ประเสริฐวัสดุภัณฑ์,ป011,สระแก้ว,สระแก้ว
927,คุณวิรุฬห์,สยามอะดิเนี่ยม จำกัด,ส189,นครปฐม,นครปฐม
928,คุณวิรุฬห์,สหพานิชจันดี(นครศรีธรรมราช) /ส0552,ส0552,นครศรีธรรมราช,นครศรีธรรมราช
929,คุณวิรุฬห์,แสงอุดม ภุมราเศวต,ส115,กาญจนบุรี,กาญจนบุรี
930,คุณกิตติพงษ์,ตี๋ วัดโพธิ์,ต048,นครสวรรค์,นครสวรรค์
931,คุณกิตติพงษ์,บ้านเกษตร (นนทบุรี),บ055,พิจิตร,พิจิตร
932,คุณพิชัย,กัลยาก่อสร้างและเกษตร(แพร่) /ก143,ก143,แพร่,แพร่
933,คุณพิชัย,ห้วยโก๋นการเกษตร(น่าน) /ห029,ห029,น่าน,น่าน
934,คุณวิรุฬห์,เสือการเกษตร,ส170,ชุมพร,ชุมพร
935,คุณอรญา,พี.เอส.ฟิชเชอรี่ อินเตอร์เนชั่นแนล จำกัด,พ061,กทม.,กรุงเทพมหานคร
936,คุณกิตติพงษ์,เพื่อนเกษตร,พ028,อุทัยธานี,อุทัยธานี
937,คุณจักรพันธ์,ไพบูลย์การเกษตร,พ100,ขอนแก่น,ขอนแก่น
938,บริษัท,บ้านใหม่ หมู่ที่4 วิหารประชา(นนทบุรี) /ร071,ร071,นนทบุรี,นนทบุรี
939,คุณพิชัย,เสียงชัย,ส041,กำแพงเพชร,กำแพงเพชร
940,คุณวิรุฬห์,สาม ม.เกษตรภัณฑ์,ส116,นครศรีธรรมราช,นครศรีธรรมราช
941,คุณวิรุฬห์,พิจิตรป่าละอู,พ055,ประจวบคีรีขันธ์,ประจวบคีรีขันธ์
942,คุณวิรุฬห์,เพื่อนเกษตร,พ078,อุทัยธานี,อุทัยธานี
943,คุณจักรพันธ์,ตั้งถาวรฟาร์ม,ต046,สุรินทร์,สุรินทร์
944,คุณอรญา,พี.เอส.อาร์,พ0613,กทม.,กรุงเทพมหานคร
945,คุณวิรุฬห์,กสิวิวัฒน์,ก075,นครศรีธรรมราช,นครศรีธรรมราช
946,คุณกิตติพงษ์,"ภานุมาศ,กฤษณะภัณฑ์",ภ022,ชัยนาท,ชัยนาท
947,คุณอรญา,ครูเล็ก,ค050,กทม.,กรุงเทพมหานคร
948,คุณอรญา,ณัฏฐชัย วานิชย์ธนบดี(กรุงเทพมหานคร) /ณ015,ณ015,กทม.,กรุงเทพมหานคร
949,คุณอรญา,พิชาญพัสสุ์ สุวรรณสิทธิคชา,พ135,สุพรรณบุรี,สุพรรณบุรี
950,คุณกิตติพงษ์,กิมแซศรีเทพ 1995,ก086,เพชรบูรณ์,เพชรบูรณ์
951,คุณพิชัย,บ้านสวนครูเก่ง(เชียงใหม่) /บ0632,บ0632,เชียงใหม่,เชียงใหม่
952,คุณอรญา,ไครอน จำกัด(กรุงเทพมหานคร) /ค062,ค062,กทม.,กรุงเทพมหานคร
953,คุณวิรุฬห์,ทริปเปิล เอ กรุ๊ป,ท0711,ระนอง,ระนอง
954,คุณอรญา,ภัทรชัย เอี่ยมรัตนเมธีกุล,ภ012,กทม.,กรุงเทพมหานคร
955,คุณกิตติพงษ์,ภรณ์ทิพย์ จรุงจรรยาพงศ์,ภ028,ชลบุรี,ชลบุรี
956,คุณวิรุฬห์,เกษตรภัณฑ์,ก005,สุรินทร์,สุรินทร์
957,บริษัท,พัชดา สวัสดิ์ธนาคูณ,พ085,กทม.,กรุงเทพมหานคร
958,บริษัท,ภรณ์ทิพย์ ทองผิว,ภ027,นนทบุรี,นนทบุรี
959,บริษัท,P.R INTERNATIONAL TRADING (BR NO.WU16985),พ183,,
960,คุณจักรพันธ์,รวมเกษตร,ร003,สุรินทร์,สุรินทร์
961,คุณกิตติพงษ์,เสริมทรัพย์(อ่างทอง) /ส211,ส211,อ่างทอง,อ่างทอง
962,คุณจักรพันธ์,ป๋อง พารา ปากคาด,ป067,บึงกาฬ,บึงกาฬ
963,คุณพิชัย,ตันติพงษ์ เทรดดิ้ง จำกัด,ต011,เชียงราย,เชียงราย
964,คุณพิชัย,มิตรเกษตร,ม026,ระนอง,ระนอง
965,คุณพิชัย,แสงสุรีย์การเกษตร,ส057,เชียงราย,เชียงราย
966,คุณอรญา,เล็ก,ล025,ปทุมธานี,ปทุมธานี
967,คุณพิชัย,มิตรเกษตร,ม026,เชียงใหม่,เชียงใหม่
968,คุณวิรุฬห์,เพื่อนเกษตร,พ078,นครศรีธรรมราช,นครศรีธรรมราช
969,บริษัท,ชัยณรงค์ กรพิพัฒน์,ช001,นนทบุรี,นนทบุรี
970,บริษัท,ลิกมันไลท์ติ้ง จำกัด(ฉะเชิงเทรา) /ล039,ล039,ฉะเชิงเทรา,ฉะเชิงเทรา
971,บริษัท,รจนา เฮ้าส์ซิ่ง จำกัด,ร054,กทม.,กรุงเทพมหานคร
972,คุณวิรุฬห์,ส.การช่าง,ส053,นครศรีธรรมราช,นครศรีธรรมราช
973,คุณวิรุฬห์,เสือการเกษตร,ส192,นครศรีธรรมราช,นครศรีธรรมราช
974,คุณอรญา,ทีเอชเค มาร์เก็ตติ้ง,ท015,นนทบุรี,นนทบุรี
975,คุณพิชัย,ดีท๊อป,ด033,น่าน,น่าน
976,คุณอรญา,กรีนพลาน่า จำกัด(นนทบุรี) /ก008,ก0082,นนทบุรี,นนทบุรี
977,คุณจักรพันธ์,ทวีผล คอร์ปอเรชั่น จำกัด,ท104,นครราชสีมา,นครราชสีมา
978,คุณอรญา,ปิติภัณฑ์,ป007,กทม.,กรุงเทพมหานคร
979,คุณจักรพันธ์,ออลการเกษตร(อุบลราชธานี) /ท1012,ท1012,อุบลราชธานี,อุบลราชธานี
980,คุณวิรุฬห์,มหาโชค มหาชัย อินเตอร์เทรด จำกัด(สมุทรสาคร) /ม070,ม070,สมุทรสาคร,สมุทรสาคร
981,คุณกิตติพงษ์,สวนละไม จำกัด(สำนักงานใหญ่),พ0941,ระยอง,ระยอง
982,คุณวิรุฬห์,เมืองพลอยการไฟฟ้า,ม015,กาญจนบุรี,กาญจนบุรี
983,คุณจักรพันธ์,เรืองเจริญการเกษตร(อุบลราชธานี) /ร072,ร072,อุบลราชธานี,อุบลราชธานี
984,คุณพิชัย,โรงพยาบาลสัตว์ลำปาง(อุดมการเกษตร),ร038,ลำปาง,ลำปาง
985,คุณวิรุฬห์,เรี่ยวรุ่งโรจน์,ร036,นครศรีธรรมราช,นครศรีธรรมราช
986,บริษัท,Je porch(กัมพูชา) /จ091,จ091,กัมพูชา,กัมพูชา
987,คุณอรญา,กรีนพลาน่า จำกัด(นนทบุรี) /ก0082,ก0082,นนทบุรี,นนทบุรี
988,คุณอรญา,พอเพียง เทคโนโลยี จำกัด (สำนักงานใหญ่),พ088,นนทบุรี,นนทบุรี
989,คุณจักรพันธ์,ไทยสปีดแมชชีนเนอรี่ จำกัด,ท087,นครราชสีมา,นครราชสีมา
990,คุณพิชัย,ส.รุ่งเรือง(ฉะเชิงเทรา),ส008,น่าน,น่าน
991,บริษัท,จรัญ สีบุตรา,จ064,พิษณุโลก,พิษณุโลก
992,คุณจักรพันธ์,จึงเจริญการเกษตร 2,จ070,ศรีสะเกษ,ศรีสะเกษ
993,คุณอรญา,เกษมพันธ์ จงเจริญคุณวุฒิ,ก104,กทม.,กรุงเทพมหานคร
994,คุณวิรุฬห์,ปกรณ์การเกษตร,ป052,นครศรีธรรมราช,นครศรีธรรมราช
995,บริษัท,ธนาคูณพร็อพเพอร์ตี้ จำกัด,ธ042,นนทบุรี,นนทบุรี
996,บริษัท,วิชุดา ลีลารุ่งโรจน์,ว079,กทม.,กรุงเทพมหานคร
997,คุณกิตติพงษ์,ไทยวิทยุ 2556,ท065,ระยอง,ระยอง
998,คุณจักรพันธ์,ไทยสามัคคี,ท008,สกลนคร,สกลนคร
999,คุณวิรุฬห์,จิบล้งโลหะภัณฑ์,จ061,ปัตตานี,ปัตตานี
1000,คุณอรญา,เจริญซีเมนต์ จำกัด,จ069,นนทบุรี,นนทบุรี
1001,คุณจักรพันธ์,โฮมพลัส สโตร์ จำกัด,ฮ016,มหาสารคาม,มหาสารคาม
1002,คุณวิรุฬห์,ยุทธนา พิมพิสาร,ย021,นครปฐม,นครปฐม
1003,คุณกิตติพงษ์,ช.พูนกิจชลบุรี จำกัด(สนง.ใหญ่)-ชลบุรี /ช0103,ช0103,ชลบุรี,ชลบุรี
1004,คุณจักรพันธ์,ศิรินภา สันทาลุนัย(นครราชสีมา) /ศ050,ศ050,นครราชสีมา,นครราชสีมา
1005,คุณพิชัย,วิสูตรการเกษตร(พะเยา) /ว081,ว081,พะเยา,พะเยา
1006,คุณอรญา,ภัชโสภณไปป์ จำกัด,ส0942,กทม.,กรุงเทพมหานคร
1007,บริษัท,ไอเดียล โกลบ จำกัด(กรุงเทพมหานคร) /อ1702,อ1702,กทม.,กรุงเทพมหานคร
1008,คุณฐาปนี,บี.พี.ฟิวเจอร์ซีด,บ078,อุดรธานี,อุดรธานี
1009,คุณพิชัย,แสงทอง(อุตรดิตถ์) /ส213,ส213,อุตรดิตถ์,อุตรดิตถ์
1010,คุณอรญา,พี เจ แอนด์ ควอลิตี้ กรุ๊ป จำกัด(กรุงเทพมหานคร) /พ0702,พ0702,กทม.,กรุงเทพมหานคร
1011,คุณอรญา,ภัชรวี โสภณกัมพล(กรุงเทพมหานคร) /ภ033,ภ033,กทม.,กรุงเทพมหานคร
1012,คุณอรญา,พิชญาภร(นนทบุรี) /พ145,พ145,นนทบุรี,นนทบุรี
1013,บริษัท,เอกศิริโฮมเดคคอร์เรชั่น จำกัด,อ140,กทม.,กรุงเทพมหานคร
1014,คุณฐาปนี,อีสท์ เวสท์ ซีด จำกัด,อ195,นนทบุรี,นนทบุรี
1015,คุณอรญา,วิคตอรี่ สตีล อิมปอร์ต เอ็กซ์ปอร์ต จำกัด,ว036,กทม.,กรุงเทพมหานคร
1016,คุณอรญา,นพเก้าวัสดุภัณฑ์,น040,นนทบุรี,นนทบุรี
1017,คุณจักรพันธ์,ศรีธานี,ศ008,นครราชสีมา,นครราชสีมา
1018,คุณพิชัย,ถุงเงิน พาณิชย์(เลย) /ถ005,ถ005,เลย,เลย
1019,คุณอรญา,จิราภาส พงษ์สัมฤทธิ์ผล,จ068,กทม.,กรุงเทพมหานคร
1020,คุณอรญา,นำชัย(นนทบุรี) /น054,น054,นนทบุรี,นนทบุรี
1021,คุณพิชัย,เชียงใหม่มณชัยพาณิชย์,ช029,เชียงใหม่,เชียงใหม่
1022,คุณกิตติพงษ์,สุรินทร์ฮาร์ดแวร์,ส049,นครสวรรค์,นครสวรรค์
1023,คุณพิชัย,เกษตรมีสุข69(เชียงใหม่) /อ1072,อ1072,เชียงใหม่,เชียงใหม่
1024,คุณจักรพันธ์,ไพศาลเกษตรเคมี จำกัด,พ072,อุบลราชธานี,อุบลราชธานี
1025,คุณพิชัย,เพิ่มพูนการค้าวรนคร,พ119,น่าน,น่าน
1026,คุณจักรพันธ์,บัลลังก์ ทูลล์,บ077,อุดรธานี,อุดรธานี
1027,คุณพิชัย,เอ็ม อาร์ เอช เทรดดิ้ง จำกัด,อ202,เชียงใหม่,เชียงใหม่
1028,คุณวิรุฬห์,เกษตรภัณฑ์,ก005,สงขลา,สงขลา
1029,คุณอรญา,ศราวุธ ทาเหล็ก,ศ022,พิจิตร,พิจิตร
1030,คุณพิชัย,เกษตรยนต์,ก0842,น่าน,น่าน
1031,คุณวิรุฬห์,แซท เนเจอร์ จำกัด(นครปฐม) /ท1123,ท1124,นครปฐม,นครปฐม
1032,คุณวิรุฬห์,ไทยเจริญโลหะภัณฑ์,ท018,กาญจนบุรี,กาญจนบุรี
1033,คุณอรญา,โฟลเทคซีดส์ จำกัด,ฟ003,ลำปาง,ลำปาง
1034,คุณกิตติพงษ์,จินอาโอสถ,จ062,เพชรบูรณ์,เพชรบูรณ์
1035,คุณอรญา,เมเจอร์ฟาร์ คอร์ปอเรชั่น จำกัด,ม055,กทม.,กรุงเทพมหานคร
1036,คุณจักรพันธ์,เคพี การเกษตร29,ค009,ศรีสะเกษ,ศรีสะเกษ
1037,คุณจักรพันธ์,ตี๋การเกษตร,ต005,มุกดาหาร,มุกดาหาร
1038,คุณพิชัย,ภูคาคชรัตน์,ภ013,น่าน,น่าน
1039,คุณกิตติพงษ์,สมบัติโอสถการเกษตร จำกัด,ส051,สระแก้ว,สระแก้ว
1040,คุณวิรุฬห์,บ้านใหม่ค้าวัสดุก่อสร้าง,บ067,เพชรบุรี,เพชรบุรี
1041,คุณพิชัย,แพร่เกษตรพัฒนา,พ011,แพร่,แพร่
1042,คุณกิตติพงษ์,ร่มไทรฮาร์ดแวร์(ปราจีนบุรี) /ร073,ร073,ปราจีนบุรี,ปราจีนบุรี
1043,คุณจักรพันธ์,น.เกษตร ครบุรี,น012,นครราชสีมา,นครราชสีมา
1044,คุณอรญา,เกษตรภัณฑ์,ก047,สุพรรณบุรี,สุพรรณบุรี
1045,คุณวิรุฬห์,ไทยเจริญสุกร จำกัด สาขา00001(นครสวรรค์) /ท1124,ท1124,นครสวรรค์,นครสวรรค์
1046,คุณอรญา,พิษณุ ซัพพลาย(นนทบุรี) /พ146,พ146,นนทบุรี,นนทบุรี
1047,คุณวิรุฬห์,บันไทยการเกษตร,บ080,กระบี่,กระบี่
1048,คุณวิรุฬห์,กินใจ จำกัด,ก083,สมุทรสาคร,สมุทรสาคร
1049,คุณจักรพันธ์,ออลการเกษตร,ท1012,อุบลราชธานี,อุบลราชธานี
1050,คุณพิชัย,ธนาสันต์ โฆษิตประเสริฐ,ธ047,พิษณุโลก,พิษณุโลก
1051,คุณอรญา,รุ่งเรืองเสาเข็ม(นาย พิศาล เล้าอรุณ),ร034,นนทบุรี,นนทบุรี
1052,คุณกิตติพงษ์,ทรัพย์รุ่งเรืองวัสดุภัณฑ์,ท123,สระบุรี,สระบุรี
1053,คุณจักรพันธ์,ฤทธิ สตีล(หนองคาย) /ฤ002,ฤ002,หนองคาย,หนองคาย
1054,คุณวิรุฬห์,เอกพรรณการเกษตร 2019 จำกัด,อ1052,กาญจนบุรี,กาญจนบุรี
1055,คุณอรญา,คิงส์ริช เอ็นจิเนียริ่ง จำกัด(กรุงเทพมหานคร) /ค0322,ค0322,กทม.,กรุงเทพมหานคร
1056,บริษัท,กุลชไม ปัญญา(กรุงเทพมหานคร) /ก144,ก144,กทม.,กรุงเทพมหานคร
1057,บริษัท,พระมหาวิชัย(เลย) /พ187,พ187,เลย,เลย
1058,คุณจักรพันธ์,พิชามญชุ์ บัวเจริญ,พ116,ปทุมธานี,ปทุมธานี
1059,คุณอรญา,สุธาทิพย์ คำโสกเชือก,ส188,ปทุมธานี,ปทุมธานี
1060,คุณพิชัย,วีระพันธุ์ไม้,ว014,เชียงราย,เชียงราย
1061,คุณกิตติพงษ์,ภูตะวันวัสดุก่อสร้าง(สนง.ใหญ่),ภ011,สระบุรี,สระบุรี
1062,คุณพิชัย,พรพรรณค้าวัสดุ,พ139,เชียงใหม่,เชียงใหม่
1063,คุณพิชัย,พิษณุโลกระบบน้ำเกษตร(2019)จำกัด,พ110,พิษณุโลก,พิษณุโลก
1064,คุณอรญา,เค.เจ.ที เทรดดิ้ง จำกัด,ค0182,นนทบุรี,นนทบุรี
1065,คุณอรญา,ฟาร์มก่อสุข จำกัด,ธ0253,พิษณุโลก,พิษณุโลก
1066,คุณอรญา,วิคตอรี่ สตีล อิมปอร์ต เอ็กซ์ปอร์ต จำกัด,ว036,กทม.,กรุงเทพมหานคร
1067,บริษัท,เงินสด,ง001,นนทบุรี,นนทบุรี
1068,คุณวิรุฬห์,เบย์คลังเกษตร,บ073,สตูล,สตูล
1069,คุณวิรุฬห์,ป.เกษตรภัณฑ์ (ชุมพร),ป014,ชุมพร,ชุมพร
1070,คุณอรญา,ธนะสาร เทรดดิ้ง(2015) จำกัด,บ0452,กทม.,กรุงเทพมหานคร
1071,บริษัท,เรณู สารการ(อ่างทอง) /ร074,ร074,อ่างทอง,อ่างทอง
1072,คุณกิตติพงษ์,เจี่ยเทียมเส็งการเกษตร,จ005,สระแก้ว,สระแก้ว
1073,คุณจักรพันธ์,ต.เจริญก่อสร้าง(นครราชสีมา) /ต049,ต049,นครราชสีมา,นครราชสีมา
1074,คุณอรญา,เกียรติทวีค้าไม้ จำกัด,ก078,กทม.,กรุงเทพมหานคร
1075,คุณอรญา,ตั้งธนไพศาล จำกัด,ต021,กทม.,กรุงเทพมหานคร
1076,คุณอรญา,ไวท์ปาร์ตี้ เทรดดิ้ง จำกัด,ว0372,นนทบุรี,นนทบุรี
1077,บริษัท,ณัฐดนัย วิชัยดิษฐ,ณ014,สุราษฎร์ธานี,สุราษฎร์ธานี
1078,บริษัท,ออฟ มาย เบค จำกัด,อ199,นนทบุรี,นนทบุรี
1079,คุณกิตติพงษ์,กู๊ดมอร์นิ่ง อะกริคัลเจอร์ แอนด์ ทูลส์ จำกัด(สนงญ),ก087,ลพบุรี,ลพบุรี
1080,คุณจักรพันธ์,พันธ์ทวี คอร์ปอเรชั่น,พ034,ขอนแก่น,ขอนแก่น
1081,คุณวิรุฬห์,เจ.เค.ซัพพลาย แอนด์ แมชชีนเนอรี่ จำกัด,จ0412,สมุทรสาคร,สมุทรสาคร
1082,คุณวิรุฬห์,บางกุ้งเกษตรภัณฑ์(2548),บ016,สุราษฎร์ธานี,สุราษฎร์ธานี
1083,คุณอรญา,คิว โอ ยู เทรดดิ้ง จำกัด,ค048,สมุทรปราการ,สมุทรปราการ
1084,คุณอรญา,ยูเนี่ยน พรีซิชั่น เอ็นจิเนียริ่ง จำกัด,ย002,สมุทรปราการ,สมุทรปราการ
1085,คุณอรญา,เวิลด์ เบสท์ เอนจิเนียริ่ง จำกัด,ว028,กทม.,กรุงเทพมหานคร
1086,คุณฐาปนี,สนธยา น่วมใย,ส154,อยุธยา,พระนครศรีอยุธยา
1087,บริษัท,พัชดา สวัสดิ์ธนาคูณ,พ085,กทม.,กรุงเทพมหานคร
1088,คุณพิชัย,พิสิษฐ์ภัณฑ์เชียงราย จำกัด,พ022,เชียงราย,เชียงราย
1089,คุณอรญา,เอ็นซี เซอร์วิสแอนด์เซลส์ จำกัด,อ198,ปทุมธานี,ปทุมธานี
1090,บริษัท,มณฑา เบทเทอร์เมนท์ จำกัด,ม0511,นนทบุรี,นนทบุรี
1091,คุณพิชัย,เกษตรยนต์,ก084,น่าน,น่าน
1092,คุณพิชัย,ทุ่งน้าวการเกษตร,ท081,แพร่,แพร่
1093,คุณอรญา,เทคอิท จำกัด(บิวเดอร์),ท062,กทม.,กรุงเทพมหานคร
1094,คุณอรญา,สุริยา ไชยชนะ,ส204,นนทบุรี,นนทบุรี
1095,คุณจักรพันธ์,ธนาพันธุ์(นครพนม),ธ002,นครพนม,นครพนม
1096,คุณพิชัย,กำแพงเพชรง่วนฮงหลี,ก015,กำแพงเพชร,กำแพงเพชร
1097,คุณพิชัย,ทิพย์เกษตร 168,ท124,แพร่,แพร่
1098,คุณวิรุฬห์,สหพานิชจันดี,ส055,นครศรีธรรมราช,นครศรีธรรมราช
1099,คุณวิรุฬห์,สายบุรีฟาร์ม,ส141,ปัตตานี,ปัตตานี
1100,คุณอรญา,เจ๊ต้อย อุปกรณ์การเกษตร(นนทบุรี) /จ092,จ092,นนทบุรี,นนทบุรี
1101,คุณพิชัย,บ้านสวนครูเก่ง,บ063,น่าน,น่าน
1102,คุณอรญา,ศราวุธ ทาเหล็ก,ศ022,พิจิตร,พิจิตร
1103,บริษัท,ธนาคูณพร็อพเพอร์ตี้ จำกัด,ธ042,นนทบุรี,นนทบุรี
1104,คุณพิชัย,เรืองพรวัสดุ,ร049,เลย,เลย
1105,บริษัท,ธนาคูณกรุงเทพ (2001) จำกัด,ธ003,กทม.,กรุงเทพมหานคร
1106,บริษัท,รจนา เฮ้าส์ซิ่ง จำกัด,ร054,กทม.,กรุงเทพมหานคร
1107,คุณพิชัย,โจ้ การค้า,จ088,เชียงใหม่,เชียงใหม่
1108,คุณอรญา,ดี ไอ โอ กรีนคลีนนิ่ง,ด0081,นนทบุรี,นนทบุรี
1109,คุณกิตติพงษ์,ดี แอนด์ ดี สิริ,ส0653,นครสวรรค์,นครสวรรค์
1110,คุณวิรุฬห์,สหภัณฑ์,ส067,กระบี่,กระบี่
1111,คุณอรญา,ไฮโฮมเวิลด์ จำกัด,ฮ015,กทม.,กรุงเทพมหานคร
1112,คุณกิตติพงษ์,วันดี,ว034,เพชรบูรณ์,เพชรบูรณ์
1113,คุณกิตติพงษ์,ภรณ์ทิพย์ จรุงจรรยาพงศ์,ภ028,ชลบุรี,ชลบุรี
1114,คุณวิรุฬห์,สุขสรรค์ ไชยโชค(โชคพิทักษ์),ช0211,อุดรธานี,อุดรธานี
1115,คุณอรญา,คิววัสดุ จำกัด,ค054,นนทบุรี,นนทบุรี
1116,คุณอรญา,ภัทรชัย เอี่ยมรัตนเมธีกุล,ภ012,กทม.,กรุงเทพมหานคร
1117,คุณอรญา,วี เอ็น โปรดักส์,ว069,นนทบุรี,นนทบุรี
1118,คุณกิตติพงษ์,เม้งเจริญ,ม041,สระบุรี,สระบุรี
1119,คุณวิรุฬห์,ดีไอที โฮมโปรดักส์ จำกัด,ด038,สมุทรสาคร,สมุทรสาคร
1120,คุณกิตติพงษ์,บีเอ็ม แอนด์ เบนซ์ ค้าวัสดุ,บ069,อยุธยา,พระนครศรีอยุธยา
1121,คุณจักรพันธ์,เคพี การเกษตร29,ค009,ศรีสะเกษ,ศรีสะเกษ
1122,บริษัท,ดวงตะวัน พิมพ์ดี,ด019,นนทบุรี,นนทบุรี
1123,คุณวิรุฬห์,ปลูกทรัพย์พันธุ์ไม้(ชุมพร) /ป068,ป068,ชุมพร,ชุมพร
1124,คุณวิรุฬห์,ส.พาณิชย์ ทุ่งยาว,ส201,ตรัง,ตรัง
1125,คุณวิรุฬห์,ปกรณ์การเกษตร,ป052,นครศรีฯ,นครศรีธรรมราช
1126,คุณวิรุฬห์,เรี่ยวรุ่งโรจน์,ร036,นครศรีฯ,นครศรีธรรมราช
1127,คุณวิรุฬห์,ส.การช่าง,ส053,นครศรีฯ,นครศรีธรรมราช
1128,คุณวิรุฬห์,เอ็ม.โฟร์.การเกษตร,อ111,นครศรีฯ,นครศรีธรรมราช
1129,คุณกิตติพงษ์,โคกสูงพัฒนา จำกัด,ค0401,สระแก้ว,สระแก้ว
1130,คุณจักรพันธ์,มาสเตอร์เวิร์ค ไดเรคท์,ม062,นครราชสีมา,นครราชสีมา
1131,คุณพิชัย,มีโชคการเกษตร,ม068,กำแพงเพชร,กำแพงเพชร
1132,คุณพิชัย,สุเกียว (สำนักงานใหญ่),ส096,น่าน,น่าน
1133,คุณวิรุฬห์,เฟื่องศักดิ์วัฒน์,ฟ004,นครศรีธรรมราช,นครศรีธรรมราช
1134,คุณอรญา,ไทโยแปซิฟิก จำกัด,ท1061,กทม.,กรุงเทพมหานคร
1135,คุณจักรพันธ์,มารุ่งเรือง,ม012,สุรินทร์,สุรินทร์
1136,คุณวิรุฬห์,บ้านเกษตร(ประจวบคีรีขันธ์) /ผ0022,ผ0022,ประจวบคีรีขันธ์,ประจวบคีรีขันธ์
1137,บริษัท,เก็บทรัพย์ จำกัด,ก140,นนทบุรี,นนทบุรี
1138,บริษัท,เงินสด,ง001,นนทบุรี,นนทบุรี
1139,คุณวิรุฬห์,แดงเคมีเกษตร(เพชรบุรี) /ด0042,ด0042,เพชรบุรี,เพชรบุรี
1140,คุณวิรุฬห์,บันไทยการเกษตร,บ080,กระบี่,กระบี่
1141,คุณวิรุฬห์,ศิริชัยเกษตรภัณฑ์,ศ015,นครศรีฯ,นครศรีธรรมราช
1142,คุณวิรุฬห์,สหไพบูลย์,ส074,นครศรีฯ,นครศรีธรรมราช
1143,คุณอรญา,หงษ์ทองแตงโม จำกัด(ปทุมธานี) /ก1162,ก1162,ปทุมธานี,ปทุมธานี
1144,คุณกิตติพงษ์,เจ้าสัวเกษตร จำกัด,ย0121,สระบุรี,สระบุรี
1145,คุณจักรพันธ์,วุฒิภัณฑ์การเกษตร,ว010,มุกดาหาร,มุกดาหาร
1146,คุณวิรุฬห์,คุ้นการเกษตร,ค055,ประจวบคีรีขันธ์,ประจวบคีรีขันธ์
1147,คุณจักรพันธ์,วิเชียรการเกษตร,ว002,หนองคาย,หนองคาย
1148,คุณพิชัย,เน้งการเกษตร2(แพร่) /น055,น055,แพร่,แพร่
1149,คุณอรญา,เจริญซีเมนต์ จำกัด,จ069,นนทบุรี,นนทบุรี
1150,คุณกิตติพงษ์,มงคลชัย,ม065,ปราจีนบุรี,ปราจีนบุรี
1151,คุณจักรพันธ์,พัฒนาการช่าง(บขส),พ008,สกลนคร,สกลนคร
1152,คุณวิรุฬห์,เจริญพักตร์ วิศวกรรม จำกัด,จ081,สมุทรสาคร,สมุทรสาคร
1153,คุณพิชัย,ระคุ แอนด์ โกรว์ สตูดิโอ จำกัด(ชลบุรี) /จ0033,จ0033,ชลบุรี,ชลบุรี
1154,คุณพิชัย,พันธุ์เจริญ,พ007,ลำปาง,ลำปาง
1155,คุณพิชัย,เสรีภู่พิสิฐ,ส069,เชียงใหม่,เชียงใหม่
1156,คุณวิรุฬห์,ไพรินทร์การเกษตร,อ1051,กาญจนบุรี,กาญจนบุรี
1157,คุณอรญา,วี อาร์ วอเตอร์ ซีสเต็มส์ จำกัด,ว017,สมุทรปราการ,สมุทรปราการ
1158,คุณกิตติพงษ์,ครูว์ ดีบิวด์ จำกัด,ค043,กทม.,กรุงเทพมหานคร
1159,คุณวิรุฬห์,เอสเคทีเอ็น คอนสตรัคชั่น(อันดามัน)จำกัด(ภูเก็ต) /อ204,อ204,ภูเก็ต,ภูเก็ต
1160,คุณกิตติพงษ์,นิเวศการเกษตร(วังหว้า),น0082,ระยอง,ระยอง
1161,คุณพิชัย,แกลสซี่แลนด์ จำกัด,ก112,เชียงใหม่,เชียงใหม่
1162,คุณวิรุฬห์,มหาโชค มหาชัย อินเตอร์เทรด จำกัด(สมุทรสาคร) /ม070,ม070,สมุทรสาคร,สมุทรสาคร
1163,คุณวิรุฬห์,แสงทิพย์การค้า 888 จำกัด(สมุทรสาคร) /ก1142,ก1142,สมุทรสาคร,สมุทรสาคร
1164,คุณพิชัย,ทวีศักดิ์การเกษตร,อ0861,เชียงใหม่,เชียงใหม่
1165,คุณวิรุฬห์,เซเว่นซี ค้าส่ง จำกัด สาขาที่ 00002,ซ0073,พังงา,พังงา
1166,คุณวิรุฬห์,สินเสถียรอะไหล่,ส133,ระนอง,ระนอง
1167,คุณวิรุฬห์,โอเคซัพพลาย หาดใหญ่ จำกัด(สนญ.),อ0952,สุราษฎร์ธานี,สุราษฎร์ธานี
1168,คุณอรญา,กรีน ซีดส์ จำกัด,อ0523,สกลนคร,สกลนคร
1169,คุณอรญา,วิคตอรี่ สตีล อิมปอร์ต เอ็กซ์ปอร์ต จำกัด(สมุทรสาคร) /ว0362,ว0362,สมุทรสาคร,สมุทรสาคร
1170,คุณพิชัย,ธัญมนการเกษตร,ธ040,เชียงราย,เชียงราย
1171,คุณอรญา,วิภาวี จามมาลา(กรุงเทพมหานคร) /ว082,ว082,กทม.,กรุงเทพมหานคร
1172,คุณอรญา,เอกพร โตสวน,อ192,นนทบุรี,นนทบุรี
1173,บริษัท,สหเซวา จำกัด,ส174,ประจวบคีรีขันธ์,ประจวบคีรีขันธ์
1174,บริษัท,ภรณ์ทิพย์ ทองผิว,ภ027,นนทบุรี,นนทบุรี
1175,คุณวิรุฬห์,ซีเอส พลัส กรุ๊ปส์ จำกัด(สมุทรสาคร) /ซ025,ซ025,สมุทรสาคร,สมุทรสาคร
1176,คุณอรญา,วิคตอรี่ สตีล อิมปอร์ต เอ็กซ์ปอร์ต จำกัด(สมุทรสาคร) /ว0362,ว0362,สมุทรสาคร,สมุทรสาคร
1177,คุณพิชัย,สวนอิ่มผล(ร้านเอฟ 242,ส056,เชียงใหม่,เชียงใหม่
1178,คุณพิชัย,ปังแป๊ะเฮง,ป061,น่าน,น่าน
1179,คุณพิชัย,รุ่งเรืองยางพารา 888(พิษณุโลก) /ร075,ร075,พิษณุโลก,พิษณุโลก
1180,คุณวิรุฬห์,เกาะรุ้งเกษตรภัณฑ์,ก092,นครศรีฯ,นครศรีธรรมราช
1181,คุณวิรุฬห์,เฟื่องศักดิ์วัฒน์,ฟ004,นครศรีฯ,นครศรีธรรมราช
1182,คุณวิรุฬห์,เสือการเกษตร,ส192,นครศรีฯ,นครศรีธรรมราช
1183,คุณจักรพันธ์,วิชาญเภสัช,ว077,บุรีรัมย์,บุรีรัมย์
1184,คุณวิรุฬห์,ศรายุทธเครื่องตัดหญ้า,ศ037,นครศรีฯ,นครศรีธรรมราช
1185,บริษัท,แสงไทยผลิตยาง จำกัด,ส143,สมุทรปราการ,สมุทรปราการ
1186,คุณกิตติพงษ์,รวมเกษตร,ร010,นครสวรรค์,นครสวรรค์
1187,คุณพิชัย,เจริญพานิช กรุ๊ป จำกัด,จ0382,สุโขทัย,สุโขทัย
1188,คุณกิตติพงษ์,ช.พูนกิจชลบุรี จำกัด(สนง.ใหญ่)-ชลบุรี /ช0103,ช0103,ชลบุรี,ชลบุรี
